,,,,,,,,,,,,,,,,,,,,,,,,
REPUBLIQUE ALGERIENNE DEMOCRATIQUE ET POPULAIRE,,,,,,,,,,,,,,,,,,,,,,,,
                     MINISTERE DE L'INDUSTRIE PHARMACEUTIQUE ,,,,,,,,,,,,,,,,,,,,,,,,
,,,,,,,,,,,,,,,,,,,,,,,,
,,,,,,,,,,,,,,,,,,,,,,,,
,,,,,,,,,,,,,,,,,,,,,,,,
,,,,,,,,,,,,,,,,,,,,,,,,
,,,,,,,,,,,,,,,,,,,,,,,,
,,,,,,,,,,,,,,,,,,,,,,,,
,,,,,,,,,,,,,,,,,,,,,,,,
,,,,,,,,,,,,,,,,,,,,,,,,
,,,,,,,,,,,,,,,,,,,,,,,,
"liste des produits phamaceutiques enregistrés ""560"" -  Année 2025(en cours)",,,,,,,,,,,,,,,,,,,,,,,,
,,,,,,,,,,,,,,,,,,,,,,,,
,,,,,,,,,,,,,,,,,,,,,,,,
,,,,,,,,,,,,,,,,,,,,,,,,
N,N°ENREGISTREMENT,CODE,DENOMINATION COMMUNE INTERNATIONALE,NOM DE MARQUE,FORME,DOSAGE,CONDITIONNEMENT,,,,,,,,,,,,,,,,,
1,352/01 A 003/06/22,01 A 003,CETIRIZINE DICHLORHYDRATE,ARTIZ,COMPRIME PELLICULE SECABLE,10MG,B/10,,,,,,,,,,,,,,,,,
2,003/01 A 005/97/25,01 A 005,DEXCHLORPHENIRAMINE MALEATE,HISTAGAN,COMPRIME SECABLE,2MG,B/30,,,,,,,,,,,,,,,,,
3,003/01 A 007/97/25,01 A 007,DEXCHLORPHENIRAMINE MALEATE,HISTAGAN,SOLUTION BUVABLE,"0,5MG/5ML",FL/125ML,,,,,,,,,,,,,,,,,
4,035/01 A 033/98/25,01 A 033,LORATADINE,LORADINE,COMPRIME PELLICULE,10MG,B/20,,,,,,,,,,,,,,,,,
5,447/01 A 033/14/25,01 A 033,LORATADINE,LORATADINE BEKER,COMPRIME PELLICULE,10MG,B/30,,,,,,,,,,,,,,,,,
6,073/01 A 034/07/25,01 A 034,LORATADINE,CLARADINE,SOLUTION BUVABLE,1MG/ML,FL./60ML,,,,,,,,,,,,,,,,,
7,268/01 A 039/07/22,01 A 039,FEXOFENADINE CHLORHYDRATE,RIFEX 120,COMPRIME PELLICULE,120MG,B/20,,,,,,,,,,,,,,,,,
8,492/01 A 040/15/25,01 A 040,FEXOFENADINE CHLORHYDRATE,FASTOFEN 180,COMPRIME PELLICULE,180MG,B/20,,,,,,,,,,,,,,,,,
9,268/01 A 040/07/22,01 A 040,FEXOFENADINE CHLORHYDRATE,RIFEX 180,COMPRIME PELLICULE,180MG,B/20,,,,,,,,,,,,,,,,,
10,088/01 A 041/24,01 A 041,CETIRIZINE DICHLORHYDRATE,ZETREC,SOLUTION BUVABLE EN GOUTTES,10MG/ML,B/FL 30ML,,,,,,,,,,,,,,,,,
11,035/01 A 047/17/25,01 A 047,DESLORATADINE,LORADESS,COMPRIME PELLICULE,5MG,B/10 B/15 B/30,,,,,,,,,,,,,,,,,
12,235/01 A 051/20/25,01 A 051,MEQUITAZINE,MEQUITAZ,COMPRIME SECABLE,10MG,B/14,,,,,,,,,,,,,,,,,
13,003/01 A 053/96/25,01 A 053,CYPROHEPTADINE CHLORHYDRATE EXPRIME EN CYPRHOPTADINE,HEPTAGYL,SIROP,2MG/5ML ,FL/125ML,,,,,,,,,,,,,,,,,
14,317/01 A 054/25,01 A 054,LEVOCETIRIZINE DICHLORHYDRATE,LEVORGICA,COMPRIME PELLICULE,05 MG,B/14 ET B/28,,,,,,,,,,,,,,,,,
15,173/01 A 054/24,01 A 054,LEVOCETIRIZINE DICHLORHYDRATE,ZOLIX,COMPRIME PELLICULE,05 MG,B/14 ET B/28,,,,,,,,,,,,,,,,,
16,352/01 A 058/20,01 A 058,LEVOCETIRIZINE DICHLORHYDRATE,XYRIZINE,SOL. BUVABLE,2.5 MG/5 ML,FLACON DE 200ML,,,,,,,,,,,,,,,,,
17,054/02 B 014/99/25,02 B 014,OXYGENE MEDICINAL GAZEUX,OXYGENE MEDICINAL GAZEUX LINDE,GAZ POUR INHALATION,PURETE ≥ 99.50%,BOUTEILLE EN ACIER DE 50L,,,,,,,,,,,,,,,,,
18,054/12 B 015/99/24,02 B 015,PROTOXYDE D'AZOTE MEDICINAL,PROTOXYDE D'AZOTE,GAZ POUR INHALATION,"GAZ LIQUEFIE SOUS PRESSION
 ( PURETE ≥ 98% V/V N2O)",BOUTEILLE EN ACIER DE 30 KG,,,,,,,,,,,,,,,,,
19,044/02 C 030/98/25,02 C 030,MEPIVACAINE CHLORHYDRATE,SCANDONEST,SOL.INJ A USAGE DENTAIRE,30MG/ML,"B/50CART. DE 1,7ML",,,,,,,,,,,,,,,,,
20,001/02 D 049/17/25,02 D 049,ROCURONIUM BROMURE,RONIUM,SOLUTION INJECTABLE IV,10 MG/ML,B/10,,,,,,,,,,,,,,,,,
21,201/03 A 069/08/25,03 A 069,ACETYLSALICYLATE DE DL LYSINE EXPRIME EN ACIDE ACETYLSALICYLIQUE,ASPEGIC ADULTE,POUDRE POUR SOLUTION BUVABLE EN SACHET-DOSE ,1G,B/20,,,,,,,,,,,,,,,,,
22,268/03 B 005/06/21,03 B 005,PARACETAMOL,DOLYC,COMPRIME,500MG,B/20,,,,,,,,,,,,,,,,,
23,607/03 B 005/25,03 B 005,PARACETAMOL,ANTALGAN,COMPRIME,500MG,B/16,,,,,,,,,,,,,,,,,
24,231/03 B 028/16/25,03 B 028,PARACETAMOL/CODEINE PHOSPHATE HEMIHYDRATE,COPARAMOL FORT,COMPRIME,500MG/30MG,B/20,,,,,,,,,,,,,,,,,
25,201/03 B 046/00/25,03 B 046,PARACETAMOL,DOLIPRANE,POUDRE POUR SOLUTION BUVABLE EN SACHET DOSE,300MG,B/12,,,,,,,,,,,,,,,,,
26,392/03 B 057/01/25,03 B 057,PARACETAMOL/PSEUDOEPHEDRINE (SOUS FORME DE CHLORHYDRATE),DOLIRHUME,COMPRIME,500MG/30MG,B/16,,,,,,,,,,,,,,,,,
27,433/03 B 067/10/22,03 B 067,PARACETAMOL,SAPRAMOL,SOLUTION INJECTABLE. P. PERF. IV,10MG/ML (500MG/50ML) (1000MG/100ML),FL./50ML (CAISSE DE 12 FL.) - FL./100ML (CAISSE DE 12 FL.),,,,,,,,,,,,,,,,,
28,201/03 B 080/19/25,03 B 080,PARACETAMOL,EFFERALGAN,COMPRIME EFFERVESSANT,1G,B/08,,,,,,,,,,,,,,,,,
29,578/03 B 081/25,03 B 081,PARACETAMOL,PARACETOL,COMPRIME SECABLE,1000MG,B/25,,,,,,,,,,,,,,,,,
30,607/03 B 081/25,03 B 081,PARACETAMOL,ANTALGAN,COMPRIME,1000MG,B/08,,,,,,,,,,,,,,,,,
31,201/03 B 117/13/24,03 B 117,PARACETAMOL,"DOLIPRANE 2,4%",SUSPENSION BUVABLE SANS SUCRE EDULCOREE A LA SACCHARINE SODIQUE ET AU SORBITOL,"120MG/5ML (2,4G/100ML)",B/01FL. DE 125ML +1 CUILLERE MESURE GRADUEE A 5ML,,,,,,,,,,,,,,,,,
32,003/03 F 042/03/25,03 F 042,METOCLOPRAMIDE CHLORHYDRATE ANHYDRE,CLOPRAMID,SOLUTION INJECTABLE IM/IV,10MG/2ML,B/50  CONTENANT 2ML DE SOLUTION,,,,,,,,,,,,,,,,,
33,003/03 F 047/09/25,03 F 047,TRAMADOL CHLORHYDRATE EXPRIME EN TRAMADOL,DOLTRAM,GELULE,50MG,B/30,,,,,,,,,,,,,,,,,
34,235/03 F 047/10/25,03 F 047,TRAMADOL CHLORHYDRATE EXPRIME EN TRAMADOL,ZODID,GELULE,50MG,B/30,,,,,,,,,,,,,,,,,
35,268/03 F 115/11/22,03 F 115,PARACETAMOL/TRAMADOL CHLORHYDRATE,DI-DOLEX,COMPRIME PELLICULE,"325MG/37,5MG",B/20,,,,,,,,,,,,,,,,,
36,035/04 B 005/00/25,04 B 005,DICLOFENAC SODIQUE,VOLTUM,COMP.GASTRORESIST.,25MG,B/30,,,,,,,,,,,,,,,,,
37,304/04 B 006/04/25,04 B 006,DICLOFENAC SODIQUE,GEOFENAC,COMPRIME PELLICULE GASTRO-RESISTANT,50MG,B/20,,,,,,,,,,,,,,,,,
38,035/04 B 006/00/25,04 B 006,DICLOFENAC SODIQUE,VOLTUM,COMPRIME  GASTRO-RESISTANT,50MG,B/30,,,,,,,,,,,,,,,,,
39,470/04 B 010/20/25,04 B 010,IBUPROFENE,ADFEN,COMPRIME PELLICULE,400MG,B/20,,,,,,,,,,,,,,,,,
40,268/04 B 010/12/23,04 B 010,IBUPROFENE,XYDOL 400,COMPRIME PELLICULE,400MG,B/20,,,,,,,,,,,,,,,,,
41,433/04 B 018/15/25,04 B 018,KETOPROFENE,KETONEED,SOLUTION INJECTABLE IM,100MG/2ML,B/05 AMP. DE 2ML ET B/50 AMP. DE 2ML,,,,,,,,,,,,,,,,,
42,268/04 B 033/15/25,04 B 033,FLURBIPROFENE,XYDOL GYN,COMPRIME PELLICULE,100MG,B/20,,,,,,,,,,,,,,,,,
43,035/04 B 035/16/25,04 B 035,CELECOXIB,CELECOX,GELULE,100MG,B/10 ET B/30,,,,,,,,,,,,,,,,,
44,289/04 B 035/12/22,04 B 035,CELECOXIB,COXIBREX,GELULE,100MG,B/20 ET B/30,,,,,,,,,,,,,,,,,
45,268/04 B 035/13/23,04 B 035,CELECOXIB,INICOX 100,GELULE,100MG,B/30,,,,,,,,,,,,,,,,,
46,289/04 B 036/12/22,04 B 036,CELECOXIB,COXIBREX,GELULE,200MG,B/10 ET B/30,,,,,,,,,,,,,,,,,
47,268/04 B 036/13/23,04 B 036,CELECOXIB,INICOX 200,GELULE,200MG,B/20 ET B/12 ET B/30,,,,,,,,,,,,,,,,,
48,268/04 B 037/23,04 B 037,DICLOFENAC SODIQUE,DICLORENE LP 75,COMPRIME PELLICULE A LIBERATION PROLONGEE,75MG,B/30,,,,,,,,,,,,,,,,,
49,470/04 B 040/20/25,04 B 040,IBUPROFENE,ADFEN,COMPRIME PELLICULE,200MG,B/20,,,,,,,,,,,,,,,,,
50,268/04 B 040/05/24,04 B 040,IBUPROFENE,XYDOL 200,COMPRIME PELLICULE,200MG,B/20,,,,,,,,,,,,,,,,,
51,268/04 B 044/15/25,04 B 044,IBUPROFENE,XYDOL 600,COMPRIME PELLICULE,600MG,B/30,,,,,,,,,,,,,,,,,
52,173/04 B 063/22,04 B 063,DICLOFENAC POTASSIUM,EFIRAP,COMPRIME PELLICULE,50MG,B/20,,,,,,,,,,,,,,,,,
53,468/04 B 063/25,04 B 063,DICLOFENAC POTASSIUM,CATAFENAC,COMPRIME PELLICULE,50MG,B/20,,,,,,,,,,,,,,,,,
54,001/04 B 063/12/25,04 B 063,DICLOFENAC POTASSIQUE,VOTREX RAPID,COMPRIME ENROBE,50MG,B/20,,,,,,,,,,,,,,,,,
55,352/04 B 074/18/25,04 B 074,ETORICOXIB,ETOFAN,COMPRIME PELLICULE,120MG,B/30,,,,,,,,,,,,,,,,,
56,352/04 B 075/18/25,04 B 075,ETORICOXIB,ETOFAN,COMPRIME PELLICULE,60MG,B/30,,,,,,,,,,,,,,,,,
57,352/04 B 076/18/25,04 B 076,ETORICOXIB,ETOFAN,COMPRIME PELLICULE,90MG,B/30,,,,,,,,,,,,,,,,,
58,645/04 B 082/25,04 B 082,IBUPROFENE,ROVIL CAPS,CAPSULE MOLLE,400MG,B/14,,,,,,,,,,,,,,,,,
59,544/04 B 082/23,04 B 082,LORNOXICAM,LORNADO,COMPRIME PELLICULE,4MG,B/20 ET B/30,,,,,,,,,,,,,,,,,
60,645/04 B 084/25,04 B 084,IBUPROFENE,ROVIL CAPS,CAPSULE MOLLE,200MG,B/20,,,,,,,,,,,,,,,,,
61,599/04 C 027/22,04 C 027,ALPHA-AMYLASE,MEGAMYLASE,SIROP,200 U CEIP/ML,B/01FLACON DE 125 ML,,,,,,,,,,,,,,,,,
62,610/05 A 028/23,05 A 028,METHOTREXATE,IMETH,SOLUTION INJECTABLE EN SERINGUE PRE-REMPLIE,25 MG/ML,BOITE DE 4 SERIN 10MG/0.4ML 15MG/0.6ML 20MG/0.8ML ET 25MG/1ML,,,,,,,,,,,,,,,,,
63,660/05 B 043/25,05 B 043,AZATHIOPRINE,AZORAN,COMPRIME PELLICULE,50MG,B/100  ,,,,,,,,,,,,,,,,,
64,039/05 C 128/24,05 C 128,SORAFENIB,SORAPHAL,COMPRIME PELLICULE,200MG,B/60,,,,,,,,,,,,,,,,,
65,001/05 C 137/21,05 C 137,LAPATINIB DITOSYLATE EXPRIME EN LAPATINIB,XANTOS,COMPRIME PELLICULE,250MG,B/70,,,,,,,,,,,,,,,,,
66,001/05 C 196/24,05 C 196,PALBOCICLIB,PAPPILIO,GELULE,75MG,B/21,,,,,,,,,,,,,,,,,
67,001/05 C 197/24,05 C 197,PALBOCICLIB,PAPPILIO,GELULE,100MG,B/21,,,,,,,,,,,,,,,,,
68,001/05 C 198/24,05 C 198,PALBOCICLIB,PAPPILIO,GELULE,125MG,B/21,,,,,,,,,,,,,,,,,
69,001/05 C 213/24,05 C 213,IBRUTINIB,DULLARMA,GELULE,140MG,B/90,,,,,,,,,,,,,,,,,
70,596/05 C 213/24,05 C 213,IBRUTINIB,IBRORION,GELULE,140MG,B/90,,,,,,,,,,,,,,,,,
71,596/05 C 239/25,05 C 239,LENVATINIB,LENVORION,GELULE,4 MG,B/30,,,,,,,,,,,,,,,,,
72,596/05 C 240/25,05 C 240,LENVATINIB,LENVORION,GELULE,4 MG,B/30,,,,,,,,,,,,,,,,,
73,659/05 C 257/25,05 C 257,PONATINIB,ICLUSIG,COMPRIME PELLICULE ,15 mg,B/30,,,,,,,,,,,,,,,,,
74,659/05 C 258/25,05 C 258,PONATINIB,ICLUSIG,COMPRIME PELLICULE ,45 mg,B/30,,,,,,,,,,,,,,,,,
75,596/05 D 109/21,05 D 109,RITUXIMAB,REDDITUX,SOLUTION CONCENTREE A DILUER POUR PERFUSION,10MG/ML,1 FLACON DE 10ML (100mg/10ml) et 1 FLACON DE 50ML (500mg/50ml),,,,,,,,,,,,,,,,,
76,003/05 D 109/22,05 D 109,RITUXIMAB,RITUXIMAB-SAIDAL,SOLUTION CONCENTREE A DILUER POUR PERFUSION,10MG/ML,"BOITE DE 01 FLACON DE 50ML (500MG/50ML) , BOITE DE 02 FLACON DE 10ML (100MG/10ML)",,,,,,,,,,,,,,,,,
77,352/05 D 134/24,05 D 134,BEVACIZUMAB,ACURA,SOLUTION A DILUER POUR PERFUSION ,25MG/ML ,BOITE DE 1 FLACON EN  VERRE TYPE 1 DE 4ML/  ET BOITE DE 1 FLACON EN VERRE TYPE 1 DE 16 ML ,,,,,,,,,,,,,,,,,
78,003/05 D 134/21,05 D 134,BEVACIZUMAB,BEVACIZUMAB-SAIDAL,SOLUTION A DILUER POUR PERFUSION ,25MG/ML ,BOITE DE 1 FLACON EN  VERRE TYPE 1 DE 4ML/  ET BOITE DE 1 FLACON EN VERRE TYPE 1 DE 16 ML ,,,,,,,,,,,,,,,,,
79,596/05 D 134/23,05 D 134,BEVACIZUMAB,VERSAVO,SOLUTION A DILUER POUR PERFUSION ,25MG/ML ,BOITE DE 1 FLACON EN  VERRE TYPE 1 DE 4ML/  ET BOITE DE 1 FLACON EN VERRE TYPE 1 DE 16 ML ,,,,,,,,,,,,,,,,,
80,481/05 D 216/19/24,05 D 216,BLINATUMOMAB,BLINCYTO,POUDRE LYOPHILISEE DANS UN FLACON A DOSE UNIQUE POUR LA RECONSTITUTION BLINATUMOMAB,35µG,B/01 FLC A DOSE UNIQUE DE BLINATUMOMAB 35 MCG POUR INJECTION ET UN FLAC EN VERRE A DOSE UNIQUE DE 10ML DE STABILISANT,,,,,,,,,,,,,,,,,
81,376/05 D 255/25,05 D 255,ISATUXIMAB,SARCLISA,SOLUTION A DILUER POUR PERFUSION IV,20MG/ML,B/01 FL. DE 100MG/5ML ET B/01 FL. DE 500MG/25ML,,,,,,,,,,,,,,,,,
82,654/05 D 256/25,05 D 256,INOTUZUMAB OZOGAMICINE,BESPONSA,POUDRE LYOPHILISEE POUR SOLUTION A DILUER POUR PERFUSION,"0,9MG",B/01 FL MONO-DOSE,,,,,,,,,,,,,,,,,
83,433/05 F 165/20/25,05 F 165,ACIDE ZOLEDRONIQUE MONOHYDRATEE EXPRIME EN ACIDE ZOLEDRONIQUE ANHYDRE,ZOLESTA,SOLUTION INJECTABLE P/PERF,5MG/100ML,B/01FL DE 100ML,,,,,,,,,,,,,,,,,
84,298/05 G 009/09/25,05 G 009,CYCLOPHOSPHAMIDE MONOHYDRATEE EXPRIME EN CYCLOPHOSPHAMIDE,ENDOXAN,POUDRE POUR SOLUTION INJECTABLE IV,200MG/FL. DE PDRE.,B/1FL. DE PDRE. DE CONTENANCE 20ML,,,,,,,,,,,,,,,,,
85,298/05 G 010/09,05 G 010,CYCLOPHOSPHAMIDE MONOHYDRATEE EXPRIME EN CYCLOPHOSPHAMIDE,ENDOXAN,PDRE. P. SOL. INJ. IV,500MG/FL. DE PDRE.,B/1FL. DE PDRE. DE CONTENANCE 50ML,,,,,,,,,,,,,,,,,
86,516/05 G 014/17/24,05 G 014,DAUNORUBICINE CHLORHYDRATE EXPRIME EN DAUNORUBICINE,DAUNOCIN,PDRE.SOL.POUR PERFUSION IV,20 MG/FL,B/01 FL DE POUDRE,,,,,,,,,,,,,,,,,
87,556/05 G 071/25,05 G 071,DOCETAXEL TRIHYDRATE,DOCETAXEL SOL IMGSA,SOL. A DILUER P. PERF IV,20MG/ML,BOITE DE 01 FLACON AVEC 1 ML DE SOLUTION ( 20MG/ML),,,,,,,,,,,,,,,,,
88,556/05 G 072/25,05 G 072,DOCETAXEL TRIHYDRATE,DOCETAXEL SOL IMGSA,SOL. A DILUER P. PERF IV,80MG/4ML,BOITE DE 1 FLACON DE 4 ML,,,,,,,,,,,,,,,,,
89,003/05 G 177/25,05 G 177,CABAZITAXEL,CABAZITAXEL-SAIDAL,SOL. A DILUER ET SOLVANT P./SOL. P./PERF. IV,"60MG/1,5ML (40MG/ML)",B/01 FL. DE SOL. A DILUER + 01 FL. DE  DE SOLVANT (ETHANOL 96°+ eau pour injection),,,,,,,,,,,,,,,,,
90,467/05 G 188/17/25,05 G 188,CHLORAMBUCIL,LEUKERAN,COMPRIME PELLICULE,2 MG,B/25,,,,,,,,,,,,,,,,,
91,596/05 g 210/25,05 g 210,CARFILZOMIB,KYPORION,POUDRE LYOPHILISEE POUR SOLUTION POUR PERFUSION,60MG,B/01 FLC DE 50 ML,,,,,,,,,,,,,,,,,
92,556/05 G 245/24,05 G 245,GEMCITABINE CHLORHYDRATE EXPRIME EN GEMCITABINE,GEMCITABINE SOL IMGSA,SOLUTION A DILUER POUR PERFUSION IV,"200MG/5,26ML(38MG/ML)",B/1 FLC,,,,,,,,,,,,,,,,,
93,003/05 K 225/25,05 K 225,FOSAPREPITANT SOUS FORME DE FOSAPREPITANT DIMEGLUMINE,FOSAPREPITANT-SAIDAL,POUDRE POUR SOLUTION POUR PERFUSION,150MG,BOITE DE 01 FLACON DE 10 ML,,,,,,,,,,,,,,,,,
94,447/05 K 230/23,05 K 230,APREPITANT/APREPITANT,XETREME,GELULE,80MG/125MG,BOITE DE 3 GELULE ( UNE GELULE A 125MG ET 2 GELULE A 80MG ),,,,,,,,,,,,,,,,,
95,659/05 N 259/25,05 N 259,NIRAPARIB,ZEJULA,COMPRIME PELLICULE,100MG,B/56,,,,,,,,,,,,,,,,,
96,095/05 Q 243/24,05 Q 243,USTEKINUMAB,STELARA,SOLUTION INJECTABLE EN SERINGUE PRE REMPLIE SOUS CUTANE,45 MG /0.5 ML,BOITE D'UNE SERINGUE PRE-REMPLIE DE 0.5 ML,,,,,,,,,,,,,,,,,
97,095/05 Q 244/24,05 Q 244,USTEKINUMAB,STELARA,SOLUTION INJECTABLE EN SERINGUE PRE REMPLIE SOUS CUTANE,90 MG/ML,BOITE D'UNE SERINGUE PRE-REMPLIE DE 01 ML,,,,,,,,,,,,,,,,,
98,095/05 Q 245/24,05 Q 245,USTEKINUMAB,STELARA,SOLUTION A DILUER POUR PERFUSION IV,130 MG,B/01 FLACON DE 30 ML,,,,,,,,,,,,,,,,,
99,040/05 R 253/25,05 R 253,TRIFLURIDINE/TRIPIRACIL,LONSURF,COMPRIME PELLICULE,"15MG/6,14MG",B/20 ET B/60,,,,,,,,,,,,,,,,,
100,040/05 R 254/25,05 R 254,TRIFLURIDINE/TRIPIRACIL,LONSURF,COMPRIME PELLICULE,"20MG/8,19MG",B/20 ET B/60,,,,,,,,,,,,,,,,,
101,411/05 S 263/25,05 S 261,IXAZOMIB,NINLARO,GELULE,4MG,B/03 ,,,,,,,,,,,,,,,,,
102,411/05 S 261/25,05 S 261,IXAZOMIB,NINLARO,GELULE,3MG,B/03 ,,,,,,,,,,,,,,,,,
103,411/05 S 261/25,05 S 261,IXAZOMIB,NINLARO,GELULE,"2,3MG",B/03 ,,,,,,,,,,,,,,,,,
104,541/06 B 015/96/24,06 B 015,NICARDIPINE CHLORHYDRATE,LOXEN LP,MICROGRANULES A LIBERATION PROLONGEE EN GELULE,50MG,B/60,,,,,,,,,,,,,,,,,
105,433/06 B 016/14/24,06 B 016,NICARDIPINE CHLORHYDRATE,NICARDEX,SOLUTION INJECTABLE IV,1MG/ML (10MG/10ML),B/5 AMP DE 10ML ET  B/50 AMP DE 10ML,,,,,,,,,,,,,,,,,
106,039/06 B 123/05/25,06 B 123,AMLODIPINE BESILATE EXPRIME EN AMLODIPINE,AMLODIPAL,GELULE,5MG,B/30,,,,,,,,,,,,,,,,,
107,309/06 B 123/15/22,06 B 123,AMLODIPINE BESILATE EXPRIME EN AMLODIPINE,MIBRAL,GELULE,5MG,B/30,,,,,,,,,,,,,,,,,
108,318/06 B 243/15/25,06 B 243,AMLODIPINE SOUS  FORME BESYLATE,AMLODAL,COMPRIME SECABLE,10MG,B/30,,,,,,,,,,,,,,,,,
109,309/06 B 243/15/22,06 B 243,AMLODIPINE SOUS  FORME BESYLATE,MIBRAL,GELULE,10MG,B/30,,,,,,,,,,,,,,,,,
110,268/06 E 052/98/25,06 E 052,CAPTOPRIL,TENSOPREL,COMPRIME QUADRI-SECABLE,25MG,B/60,,,,,,,,,,,,,,,,,
111,447/06 E 127/14/25,06 E 127,RAMIPRIL,RAMIPRIL BEKER,COMPRIME SECABLE,2.5MG,B/30,,,,,,,,,,,,,,,,,
112,035/06 E 127/17/25,06 E 127,RAMIPRIL,TANATRIL,COMPRIME SECABLE,2.5MG,B/30,,,,,,,,,,,,,,,,,
113,392/06 E 127/99/24,06 E 127,RAMIPRIL,TRIATEC,COMPRIME SECABLE ,2.5MG,B/28,,,,,,,,,,,,,,,,,
114,035/06 E 128/17/25,06 E 128,RAMIPRIL,TANATRIL,COMPRIME SECABLE,5MG,B/30,,,,,,,,,,,,,,,,,
115,263/06 E 143/21,06 E 143,MOXONIDINE,MOXOTENS,COMPRIME PELLICULE,"0,2MG",B/30,,,,,,,,,,,,,,,,,
116,263/06 E 144/21,06 E 144,MOXONIDINE,MOXOTENS,COMPRIME PELLICULE,"0,4MG",B/30,,,,,,,,,,,,,,,,,
117,317/06 E 147/14/24,06 E 147,VALSARTAN,RETA  ,COMPRIME PELLICULE SECABLE,80MG,B/28,,,,,,,,,,,,,,,,,
118,352/06 E 147/10/25,06 E 147,VALSARTAN,SARTEG,COMPRIME PELLICULE,80MG,B/30,,,,,,,,,,,,,,,,,
119,035/06 E 147/15/25,06 E 147,VALSARTAN,VALACLOR ,COMPRIME PELLICULE,80MG,B/30,,,,,,,,,,,,,,,,,
120,003/06 E 147/11/25,06 E 147,VALSARTAN,VALSIS,COMPRIME PELLICULE SECABLE,80MG,B/28,,,,,,,,,,,,,,,,,
121,392/06 E 156/01/23,06 E 156,IRBESARTAN,APROVEL,COMPRIME PELLICULE,150MG,B/28,,,,,,,,,,,,,,,,,
122,309/06 E 156/22,06 E 156,IRBESARTAN,IRBEZART,COMPRIME PELLICULE,150MG,B/30,,,,,,,,,,,,,,,,,
123,392/06 E 157/01/23,06 E 157,IRBESARTAN,APROVEL,COMPRIME PELLICULE,300MG,B/28,,,,,,,,,,,,,,,,,
124,309/06 E 157/22,06 E 157,IRBESARTAN,IRBEZART,COMPRIME PELLICULE,300MG,B/30,,,,,,,,,,,,,,,,,
125,195/06 E 157/25,06 E 157,IRBESARTAN,ROTAZAR,COMPRIME PELLICULE,300MG,B/30,,,,,,,,,,,,,,,,,
126,317/06 E 158/16/23,06 E 158,VALSARTAN/HYDROCHLOROTHIAZIDE,CO-RETA,COMPRIME PELLICULE,"80MG/12,5MG",B/30,,,,,,,,,,,,,,,,,
127,352/06 E 158/10/25,06 E 158,VALSARTAN/HYDROCHLOROTHIAZIDE,COSARTEG,COMPRIME PELLICULE,"80MG/12,5MG",B/30,,,,,,,,,,,,,,,,,
128,068/06 E 158/01/25,06 E 158,VALSARTAN/HYDROCHLOROTHIAZIDE,COTAREG,COMPRIME PELLICULE,"80MG/12,5MG",B/28,,,,,,,,,,,,,,,,,
129,317/06 E 166/14/24,06 E 166,VALSARTAN,RETA 160,COMPRIME PELLICULE,160MG,B/28,,,,,,,,,,,,,,,,,
130,352/06 E 166/10/25,06 E 166,VALSARTAN,SARTEG,COMPRIME PELLICULE,160MG,B/30,,,,,,,,,,,,,,,,,
131,447/06 E 166/09/25,06 E 166,VALSARTAN,VALASTAN,COMPRIME PELLICULE,160MG,B/30,,,,,,,,,,,,,,,,,
132,418/06 E 168/20/25,06 E 168,LERCANIDIPINE CHLORHYDRATE,DINAZIP,COMPRIME PELLICULE SECABLE,10MG,B/30,,,,,,,,,,,,,,,,,
133,352/06 E 196/14/25,06 E 196,CANDESARTAN CILEXETIL,SARCAND,COMPRIME SECABLE,4MG,B/30,,,,,,,,,,,,,,,,,
134,235/06 E 197/15/25,06 E 197,CANDESARTAN CILEXETIL,CARDAXEL BGL,COMPRIME SECABLE,8MG,B/30,,,,,,,,,,,,,,,,,
135,352/06 E 219/10/25,06 E 219,IRBESARTAN + HYDROCHLOROTHIAZIDE,CO APROSART,COMPRIME PELLICULE,"150MG/12,5MG",B/30,,,,,,,,,,,,,,,,,
136,392/06 E 219/06/25,06 E 219,IRBESARTAN + HYDROCHLOROTHIAZIDE,COAPROVEL,COMPRIME PELLICULE,"150MG/12,5MG",B/30,,,,,,,,,,,,,,,,,
137,195/06 E 219/25,06 E 219,IRBESARTAN + HYDROCHLOROTHIAZIDE,ROTAZAR PLUS,COMPRIME PELLICULE,"150MG/12,5MG",B/30,,,,,,,,,,,,,,,,,
138,352/06 E 220/10/25,06 E 220,IRBESARTAN/HYDROCHLOROTHIAZIDE,CO APROSART,COMPRIME PELLICULE,"300MG/12,5MG",B/30,,,,,,,,,,,,,,,,,
139,392/06 E 220/06/24,06 E 220,IRBESARTAN/HYDROCHLOROTHIAZIDE,COAPROVEL,COMPRIME PELLICULE,"300MG/12,5MG",B/28,,,,,,,,,,,,,,,,,
140,195/06 E 220/25,06 E 220,IRBESARTAN/HYDROCHLOROTHIAZIDE,ROTAZAR PLUS,COMPRIME PELLICULE,"300MG/12,5MG",B/30,,,,,,,,,,,,,,,,,
141,447/06 E 227/14/25,06 E 227,PERINDOPRIL TER-BUTYLAMINE/INDAPAMIDE,EVERYL,COMPRIME SECABLE,"2MG/0,625MG",B/30,,,,,,,,,,,,,,,,,
142,447/06 E 228/14/25,06 E 228,PERINDOPRIL TER-BUTYLAMINE/INDAPAMIDE,BIEVERYL,COMPRIME SECABLE,"4MG/1,25MG",B/30,,,,,,,,,,,,,,,,,
143,235/06 E 234/15/25,06 E 234,CANDESARTAN CILEXETIL,CARDAXEL BGL,COMPRIME SECABLE,16MG,B/30,,,,,,,,,,,,,,,,,
144,352/06 E 234/14/25,06 E 234,CANDESARTAN CILEXETIL,SARCAND,COMPRIME,16MG,B/30,,,,,,,,,,,,,,,,,
145,352/06 E 237/10/25,06 E 237,VALSARTAN/HYDROCHLOROTHIAZIDE,CO SARTEG,COMPRIME PELLICULE,"160MG/12,5MG",B/30,,,,,,,,,,,,,,,,,
146,068/06 E 237/07/24,06 E 237,VALSARTAN/HYDROCHLOROTHIAZIDE,COTAREG,COMPRIME PELLICULE,"160MG/12,5MG",B/28,,,,,,,,,,,,,,,,,
147,317/06 E 238/16/23,06 E 238,VALSARTAN/HYDROCHLOROTHIAZIDE,CO-RETA,COMPRIME PELLICULE,160MG/25MG,B/30,,,,,,,,,,,,,,,,,
148,068/06 E 238/07/23,06 E 238,VALSARTAN/HYDROCHLOROTHIAZIDE,COTAREG,COMPRIME PELLICULE,160MG/25MG,B/28,,,,,,,,,,,,,,,,,
149,392/06 E 256/08/24,06 E 256,IRBESARTAN/HYDROCHLOROTHIAZIDE,COAPROVEL,COMPRIME PELLICULE ,300MG/25MG,B/28,,,,,,,,,,,,,,,,,
150,195/06 E 256/25,06 E 256,IRBESARTAN/HYDROCHLOROTHIAZIDE,ROTAZAR PLUS,COMPRIME PELLICULE,300MG/25MG,B/30,,,,,,,,,,,,,,,,,
151,173/06 E 257/20,06 E 257,AMLODIPINE BESILATE EXPRIME EN AMLODIPINE/VALSARTAN,LOTEVAN,COMPRIME PELLICULE,5MG/80MG,B/30,,,,,,,,,,,,,,,,,
152,173/06 E 258/20,06 E 258,AMLODIPINE BESILATE EXPRIME EN AMLODIPINE/VALSARTAN,LOTEVAN,COMPRIME PELLICULE,5MG/160MG,B/30,,,,,,,,,,,,,,,,,
153,173/06 E 259/20,06 E 259,AMLODIPINE BESILATE EXPRIME EN AMLODIPINE/VALSARTAN,LOTEVAN,COMPRIME PELLICULE,10MG/160MG,B/30,,,,,,,,,,,,,,,,,
154,447/06 E 260/23,06 E 260,OLMESARTAN MEDOXOMIL,OLBEK,COMPRIME PELLICULE,10MG,B/30 ,,,,,,,,,,,,,,,,,
155,447/06 E 262/23,06 E 262,OLMESARTAN MEDOXOMIL,OLBEK,COMPRIME PELLICULE,40MG,B/30,,,,,,,,,,,,,,,,,
156,152/06 E 263/08/25,06 E 263,TELMISARTAN,MICARDIS,COMPRIME,40MG,B/28,,,,,,,,,,,,,,,,,
157,035/06 E 263/17/25,06 E 263,TELMISARTAN,TELMISARTE,COMPRIME,40MG,B/30,,,,,,,,,,,,,,,,,
158,035/06 E 264/17/25,06 E 264,TELMISARTAN,TELMISARTE,COMPRIME,80MG,B/30,,,,,,,,,,,,,,,,,
159,152/06 E 265/08/23,06 E 265,TELMISARTAN/HYDROCHLOROTHIAZIDE,MICARDIS PLUS,COMPRIME,"40MG/12,5MG",B/28,,,,,,,,,,,,,,,,,
160,035/06 E 265/17/25,06 E 265,TELMISARTAN/HYDROCHLOROTHIAZIDE,TELMISARTE +,COMPRIME,"40MG/12,5MG",B/30,,,,,,,,,,,,,,,,,
161,152/06 E 266/08/23,06 E 266,TELMISARTAN/HYDROCHLOROTHIAZIDE,MICARDIS PLUS,COMPRIME,"80MG/12,5MG",B/28,,,,,,,,,,,,,,,,,
162,035/06 E 266/17/25,06 E 266,TELMISARTAN/HYDROCHLOROTHIAZIDE,TELMISARTE+,COMPRIME,"80MG/12,5MG",B/30,,,,,,,,,,,,,,,,,
163,392/06 E 278/10/25,06 E 278,RAMIPRIL/HYDROCHLOROTHIAZIDE,TRITAZIDE,COMPRIME,10MG/25MG,B/28,,,,,,,,,,,,,,,,,
164,352/06 E 307/15/25,06 E 307,VALSARTAN/HYDROCHLOROTHIAZIDE,CO SARTEG,COMPRIME PELLICULE,320MG/25MG,B/30,,,,,,,,,,,,,,,,,
165,392/06 E 311/15/22,06 E 311,AMLODIPINE BESILATE EXPRIME EN AMLODIPINE/IRBESARTAN,APROVASC,COMPRIME PELLICULE,5MG/300MG,B/30,,,,,,,,,,,,,,,,,
166,352/06 E 312/23,06 E 312,IRBESARTAN/AMLODIPINE,EXIRB,COMPRIME PELLICULE SECABLE,300MG/10MG,B/30,,,,,,,,,,,,,,,,,
167,035/06 E 316/17/25,06 E 316,TELMISARTAN/HYDROCHLOROTHIAZIDE,TELMISARTE +,COMPRIME,80MG/25 MG,B/30,,,,,,,,,,,,,,,,,
168,392/06 E 318/17/24,06 E 318,IRBESARTAN/AMLODIPINE,APROVASC,COMPRIME PELLICULE,150MG/10MG,B/30,,,,,,,,,,,,,,,,,
169,040/06 E 319/18/25,06 E 319,AMLODIPINE BESILATE (AMLODIPINE)/PERINDOPRIL ARGININE (PERINDOPRIL),COVERAM,COMPRIME,5MG/5MG,B/30,,,,,,,,,,,,,,,,,
170,001/06 E 319/24,06 E 319,AMLODIPINE BESILATE (AMLODIPINE)/PERINDOPRIL ARGININE (PERINDOPRIL),PRATIMA AM,COMPRIME,5MG/5MG,B/30,,,,,,,,,,,,,,,,,
171,040/06 E 320/18/25,06 E 320,PERINDOPRIL ARGININE (PERINDOPRIL)/AMLODIPINE BESILATE (AMLODIPINE),COVERAM,COMPRIME,10MG/5MG,B/30,,,,,,,,,,,,,,,,,
172,001/06 E 320/24,06 E 320,PERINDOPRIL ARGININE (PERINDOPRIL)/AMLODIPINE BESILATE (AMLODIPINE),PRATIMA AM,COMPRIME,10MG/5MG,B/30,,,,,,,,,,,,,,,,,
173,040/06 E 321/18/25,06 E 321,PERINDOPRIL ARGININE (PERINDOPRIL)/AMLODIPINE BESILATE (AMLODIPINE),COVERAM,COMPRIME,5MG/10MG,B/30,,,,,,,,,,,,,,,,,
174,001/06 E 321/24,06 E 321,PERINDOPRIL ARGININE (PERINDOPRIL)/AMLODIPINE BESILATE (AMLODIPINE),PRATIMA AM,COMPRIME,5MG/10MG,B/30,,,,,,,,,,,,,,,,,
175,040/06 E 322/18/25,06 E 322,AMLODIPINE BESILATE (AMLODIPINE)/PERINDOPRIL ARGININE (PERINDOPRIL),COVERAM,COMPRIME,10MG/10MG,B/30,,,,,,,,,,,,,,,,,
176,001/06 E 322/24,06 E 322,AMLODIPINE BESILATE (AMLODIPINE)/PERINDOPRIL ARGININE (PERINDOPRIL),PRATIMA AM,COMPRIME,10MG/10MG,B/30,,,,,,,,,,,,,,,,,
177,040/06 E 329/20/25,06 E 329,PERINDOPRIL ARGININE/INDAPAMIDE,BIPRETERAX ARGININE,COMPRIME PELLICULE,"10MG/2,5MG",PILULIRER/30,,,,,,,,,,,,,,,,,
178,173/06 E 340/23,06 E 340,VALSARTAN /AMLODIPINE/HYDROCHLOROTHIAZIDE,LOTEVAN PLUS,COMPRIME PELLICULE,"160MG/5MG/12,5MG",B/30,,,,,,,,,,,,,,,,,
179,173/06 E 341/23,06 E 341,VALSARTAN /AMLODIPINE/HYDROCHLOROTHIAZIDE,LOTEVAN PLUS,COMPRIME PELLICULE,160 MG/5 MG/25 MG,BOITE DE 30,,,,,,,,,,,,,,,,,
180,173/06 E 342/23,06 E 342,VALSARTAN/AMLODIPINE/HYDROCHLOROTHIAZIDE,LOTEVAN PLUS,COMPRIME PELLICULE,"160MG/10MG/12,5MG",B/30,,,,,,,,,,,,,,,,,
181,173/06 E 343/23,06 E 343,VALSARTAN /AMLODIPINE/HYDROCHLOROTHIAZIDE,LOTEVAN PLUS,COMPRIME PELLICULE,160MG/10MG/25MG,B/30,,,,,,,,,,,,,,,,,
182,235/06 F 067/10/25,06 F 067,ACEBUTOLOL CHLORHYDRATE,CLOXTON,COMPRIME PELLICULE SECABLE,200 MG,B/20,,,,,,,,,,,,,,,,,
183,268/06 F 067/06/25,06 F 067,ACEBUTOLOL CHLORHYDRATE,SEBUTOL,COMPRIME PELLICULE,200MG,B/30,,,,,,,,,,,,,,,,,
184,418/06 F 071/19/25,06 F 071,SUCCINATE DE METOPROLOL,LOPROX,COMPRIME PELLICULE SECABLE A LIBERATION PROLONGEE,200MG,B/30,,,,,,,,,,,,,,,,,
185,242/06 F 073/13/25,06 F 073,PROPRANOLOL CHLORHYDRATE,FEDICARD,COMPRIME SECABLE,40MG,B/30,,,,,,,,,,,,,,,,,
186,352/06 F 162/10/25,06 F 162,BISOPROLOL FUMARATE,BIPROTENS,COMPRIME PELLICULE SECABLE,10MG,B/30,,,,,,,,,,,,,,,,,
187,263/06 F 162/15/25,06 F 162,BISOPROLOL FUMARATE,CIRBESA,COMPRIME PELLICULE SECABLE,10MG,B/30,,,,,,,,,,,,,,,,,
188,352/06 F 208/10/25,06 F 208,CARVEDILOL,DILACARD,COMPRIME SECABLE,"6,25MG",B/30,,,,,,,,,,,,,,,,,
189,352/06 F 209/10/25,06 F 209,CARVEDILOL,DILACARD,COMPRIME SECABLE,25MG,B/30,,,,,,,,,,,,,,,,,
190,352/06 F 252/11,06 F 252,CARVEDILOL,DILACARD,COMPRIME SECABLE,"3,125MG",B/30,,,,,,,,,,,,,,,,,
191,173/06 F 267/20/25,06 F 267,BISOPROLOL FUMARATE,BISOTAB,COMPRIME PELLICULE SECABLE,5MG,B/30,,,,,,,,,,,,,,,,,
192,433/06 G 082/25,06 G 082, CHLORHYDRATE D'ISOPRENALINE,ISONOL,SOL.INJ. PERFUSION IV CONTINUE EN SC,"0,2MG/ML",B/05 ET B/50,,,,,,,,,,,,,,,,,
193,433/06 G 253/25,06 G 253,CHLORHYDRATE D'EPHEDRINE,EPHEDRON,SOLUTION INJ I.V OU PERFUSION,30MG/ML,B/10 ET B/50 AMPS,,,,,,,,,,,,,,,,,
194,001/06 M 353/25,06 G 353,ROSUVASTATINE CALCIUM/EZETIMIB,SUPERSTAT PLUS,COMPRIME PELLICULE,10MG/10MG,B/30,,,,,,,,,,,,,,,,,
195,317/06 H 087/21,06 H 087,FUROSEMIDE,FUROLIX,SOLUTION INJECTABLE IM/IV,20MG/2ML,B/05 AMP ET B/50. DE 2ML,,,,,,,,,,,,,,,,,
196,003/06 H 090/96/25,06 H 090,FUROSEMIDE,FUROZAL,COMPRIME SECABLE,40MG,B/20,,,,,,,,,,,,,,,,,
197,426/06 K 340/23,06 K 340,CALCIUM DEBESILATE MONOHYDRATE,DOXIUM,GELULE,500 MG,B/30,,,,,,,,,,,,,,,,,
198,426/06 K 341/23,06 K 341,CALCIUM DOBESILATE MONOHYDRATE,DOXIUM,COMPRIME PELLICULE,1000 MG,B/30,,,,,,,,,,,,,,,,,
199,309/06 M 151/14/24,06 M 151,FLUVASTATINE SODIQUE EXPRIME EN FLUVASTATINE,FLUVASTINE 40 MG,GELULE,40MG,B/30,,,,,,,,,,,,,,,,,
200,050/06 M 198/19/25,06 M 198,ATORVASTATINE CALCIUM TRIHYDRATE EXPRIME EN ATORVASTATINE,TULIP,COMPRIME PELLICULE,10MG,B/30,,,,,,,,,,,,,,,,,
201,595/06 M 225/07/25,06 M 225,ATORVASTATINE CALCIQUE TRIHYDRATE EXPRIME EN ATORVASTATINE,TAHOR,COMPRIME PELLICULE,20MG,B/28 ET B/98 ,,,,,,,,,,,,,,,,,
202,050/06 M 225/19/25,06 M 225,ATORVASTATINE CALCIQUE TRIHYDRATE EXPRIME EN ATORVASTATINE,TULIP,COMPRIME PELLICULE,20MG,B/30,,,,,,,,,,,,,,,,,
203,447/06 M 232/11/21,06 M 232,ATORVASTATINE CALCIQUE TRIHYDRATE EXPRIME EN ATORVASTATINE,ATORIN,COMPRIME PELLICULE,40MG,B/30 ,,,,,,,,,,,,,,,,,
204,050/06 M 232/19/25,06 M 232,ATORVASTATINE CALCIQUE TRIHYDRATE EXPRIME EN ATORVASTATINE,TULIP,COMPRIME PELLICULE,40MG,B/30,,,,,,,,,,,,,,,,,
205,256/06 M 269/08/24,06 M 269,ROSUVASTATINE SOUS FORME DE ROSUVASTATINE CALCIQUE,CRESTOR,COMPRIME PELLICULE,10MG,B/30,,,,,,,,,,,,,,,,,
206,268/06 M 269/23,06 M 269,ROSUVASTATINE SOUS FORME DE ROSUVASTATINE CALCIQUE,ROSUVIA 10,COMPRIME PELLICULE,10MG,B/30,,,,,,,,,,,,,,,,,
207,268/06 M 270/23,06 M 270,ROSUVASTATINE SOUS FORME DE ROSUVASTATINE CALCIQUE,ROSUVIA 20,COMPRIME PELLICULE,20MG,B/30,,,,,,,,,,,,,,,,,
208,256/06 M 296/12/24,06 M 296,ROSUVASTATINE SOUS FORME DE ROSUVASTATINE CALCIQUE,CRESTOR,COMPRIME PELLICULE,5MG,B/30,,,,,,,,,,,,,,,,,
209,268/06 M 296/23,06 M 296,ROSUVASTATINE SOUS FORME DE ROSUVASTATINE CALCIQUE,ROSUVIA 5,COMPRIME PELLICULE,5MG,B/30,,,,,,,,,,,,,,,,,
210,352/06 M 328/20/25,06 M 328,ROSUVASTATINE CALCIQUE EXPRIME EN ROSUVASTATINE,CRESOVAST,COMPRIME PELLICULE,40MG,B/30,,,,,,,,,,,,,,,,,
211,001/06 M 354/25,06 M 354,ROSUVASTATIN CALCIUM/EZETIMIB,SUPERSTAT PLUS,COMPRIME PELLICULE,20MG/10MG,B/30,,,,,,,,,,,,,,,,,
212,003/07 C 017/08/25,07 C 017,ACIDE FUSIDIQUE,ACIFUDAL,CREME DERMIQUE,"0,02",T/15G,,,,,,,,,,,,,,,,,
213,001/07 C 193/25,07 C 193,MINOCYCLINE HYDROCHLORIDE DIHYDRATE,TETRACNE,COMPRIME PELLICULE A LIBERATION PROLONGEE,65MG,B/30,,,,,,,,,,,,,,,,,
214,001/07 C 194/25,07 C 194,MINOCYCLINE HYDROCHLORIDE DIHYDRATE,TETRACNE,COMPRIME PELLICULE A LIBERATION PROLONGEE,80MG,B/30,,,,,,,,,,,,,,,,,
215,001/07 C 195/25,07 C 195,MINOCYCLINE HYDROCHLORIDE DIHYDRATE,TETRACNE,COMPRIME PELLICULE A LIBERATION PROLONGEE,105MG,B/30,,,,,,,,,,,,,,,,,
216,235/07 D 025/25,07 D 025,ECONAZOLE NITRATE,ECONAZ,CREME DERMIQUE,"0,01",T/30G,,,,,,,,,,,,,,,,,
217,263/07 D 092/25,07 D 092,KETOCONAZOLE,SKINOZOL,GEL MOUSSANT EN SACHET DOSE,"0,02",B/08 SACHET- DOSE DE 6G,,,,,,,,,,,,,,,,,
218,309/07 D 094/21,07 D 094,CHLORHYDRATE DE TERBINAFINE,ONYCAL,CREME DERMIQUE,0.01,T/15G,,,,,,,,,,,,,,,,,
219,418/07 D 094/08/25,07 D 094,CHLORHYDRATE DE TERBINAFINE,TERBIL,CREME DERMIQUE,0.01,T/15G,,,,,,,,,,,,,,,,,
220,263/07 D 094/15/24,07 D 094,CHLORHYDRATE DE TERBINAFINE,TERBINAN,CREME DERMIQUE,0.01,T/15G,,,,,,,,,,,,,,,,,
221,088/07 D 108/20,07 D 108,SERTACONAZOLE NITRATE,DERMAZOLE,CREME DERMIQUE,2%,B/TUBE DE 20G,,,,,,,,,,,,,,,,,
222,173/07 D 141/07/22,07 D 141,KETOCONAZOLE,VAVO SHAMPOO,SHAMPOING,"0,02",FL/100ML,,,,,,,,,,,,,,,,,
223,003/07 G 036/10/25,07 G 036,CROTAMITON,PRURAX,CREME DERMIQUE,0.1,TUBE DE 40G,,,,,,,,,,,,,,,,,
224,378/07 H 039/22,07 H 039,BETAMETHASONE DIPROPIONATE EXPRIMEE EN BETAMETHASONE,BETAMETHASONE BR,POMMADE DERMIQUE,0.05%,T/15G,,,,,,,,,,,,,,,,,
225,378/07 H 165/22,07 H 165,BETAMETHASONE VALERATE,BETAMETHASONE BR,POMMADE DERMIQUE,"0,001",T/15G,,,,,,,,,,,,,,,,,
226,073/07 P 071/99/25,07 P 071,HEXAMIDINE,ISOMEDINE,SOL DERMIQUE,0.1%,FLACON DE 50ML,,,,,,,,,,,,,,,,,
227,314/07 P 076/25,07 P 076,POLYVIDONE IODEE,BETADERMINE MOUSSANT 4%,SOLUTION POUR APPLICATION CUTANEE,4%,FL/125ML ET FL/1000ML,,,,,,,,,,,,,,,,,
228,083/07 S 152/08/25,07 S 152,CALCIPOTRIOL SOUS FORME DE CALCIPOTRIOL HYDRATE/BETAMETHASONE SOUS FORME DE DIPROOIONATE DE BETAMETHASONE,DAIVOBET,POMMADE,"50µG/0,5MG/G",T/60G,,,,,,,,,,,,,,,,,
229,212/08 A 002/23,08 A 002,ACIDE GADOTERIQUE,CLARISCAN,SOLUTION INJECTABLE,0.5MMOLE/ML,B/01 FL OU DE B/10 FL (10ML - 15ML - 20ML),,,,,,,,,,,,,,,,,
230,212/08 C 070/25,08 C 070,IODIXANOL,VISIPAQUE,SOL.INJ.,270mg I/ml,B/1FL 50 ml ET B/10FL 50ml ET B/1FL 100ml ET B/10 FL 100ml,,,,,,,,,,,,,,,,,
231,212/08 C 071/25,08 C 071,IODIXANOL,VISIPAQUE,SOL.INJ.,320mg I/ml,B/1FL 50 ml ET B/10FL 50ml ET B/1FL 100ml ET B/10 FL 100ml,,,,,,,,,,,,,,,,,
232,630/09 A 120/25,09 A 120,LETROZOLE,MAMOZOL,COMPRIME PELLICULE,"2,5MG",B/30,,,,,,,,,,,,,,,,,
233,352/09 A 120/25,09 A 120,LETROZOLE,LETRAGEN,COMPRIME PELLICULE,"2,5MG",B/30,,,,,,,,,,,,,,,,,
234,001/09 A 120/21,09 A 120,LETROZOLE,LIFUNOR,COMPRIME PELLICULE,"2,5MG",B/30,,,,,,,,,,,,,,,,,
235,304/09 H 028/04/25,09 H 028,HYDROCORTISONE,HYCOSONE,COMPRIME SECABLE,10MG,B/30,,,,,,,,,,,,,,,,,
236,003/09 H 038/97/25,09 H 038,PREDNISONE,PRECORTYL,COMPRIME,5MG,B/30,,,,,,,,,,,,,,,,,
237,518/09 H 144/18/23,09 H 144,PREDNISOLONE SOUS FORME METASULFOBENZOATE SODIQUE,KORTIKAN 20,COMPRIME ORODISPERSIBLE,20MG,B/20,,,,,,,,,,,,,,,,,
238,318/09 H 178/25,09 H 178,PREDNISOLONE,CORTIDAL ,SOLUTION BUVABLE,15MG/5ML,FL/120ML  ,,,,,,,,,,,,,,,,,
239,275/09 J 170/12/25,09 J 170,DESMOPRESSINE,MINIRIN® MELT ®,LYOPH. ORAL SUBLINGUAL,60µG/LYOPH.,B/30,,,,,,,,,,,,,,,,,
240,177/09 K 056/18/24,09 K 056,LEVOTHYROXINE SODIQUE,LEVOTIRON,COMPRIME SECABLE,50µG,B/100,,,,,,,,,,,,,,,,,
241,177/09 K 057/18/24,09 K 057,LEVOTHYROXINE SODIQUE,LEVOTIRON,COMPRIME SECABLE,100µG,B/100,,,,,,,,,,,,,,,,,
242,177/09 K 150/19/24,09 K 150,LEVOTHYROXINE SODIQUE,LEVOTIRON,COMPRIME SECABLE,25µG,B/100,,,,,,,,,,,,,,,,,
243,177/09 K 151/19/24,09 K 151,LEVOTHYROXINE SODIQUE,LEVOTIRON,COMPRIME SECABLE,75µG,B/100,,,,,,,,,,,,,,,,,
244,285/09 N 060/25,09 N 060,DYDROGESTERONE MICRONISEE,DYDROGYN,COMPRIME PELLICULE,10MG,B/10,,,,,,,,,,,,,,,,,
245,224/09 N 186/25,09 N 186,PROGESTERONE ,GESTOPHIL,SUPPOSITOIRE VAGINALE,400MG,B/15,,,,,,,,,,,,,,,,,
246,505/09 P 109/16/25,09 P 109,OCTREOTIDE ACETATE,OCTREOTIDE BIOINDUSTRIA L.I.M,SOLUTION INJECTABLE POUR PERFUSION IV ET S/C,"0,1MG/ML",B/10 AMP DE 1ML,,,,,,,,,,,,,,,,,
247,505/09 P 110/16/25,09 P 110,OCTREOTIDE ACETATE,OCTREOTIDE BIOINDUSTRIA L.I.M,SOLUTION INJECTABLE POUR PERFUSION IV ET S/C,"0,5MG/ML",B/10 AMP DE 1ML,,,,,,,,,,,,,,,,,
248,173/09 S 171/16/22,09 S 171,CINACALCET CHLORHYDRATE (CINACALCET),ENDOLET,COMPRIME PELLICULE,30MG,B/28,,,,,,,,,,,,,,,,,
249,173/09 S 172/16/22,09 S 172,CINACALCET CHLORHYDRATE (CINACALCET),ENDOLET,COMPRIME PELLICULE,60MG,B/28,,,,,,,,,,,,,,,,,
250,470/10 A 001/12/24,10 A 001,OMEPRAZOLE,OMEPRAZOLE MM,GELULE A MICRO-GRANULES GASTRO-RESISTANTS,20MG,B/14 ET B/28,,,,,,,,,,,,,,,,,
251,361/10 A 001/20/25,10 A 001,OMEPRAZOLE,OZOL,GELULE A MICRO-GRANULES GASTRO-RESISTANTS,20MG,B/15,,,,,,,,,,,,,,,,,
252,268/10 A 001/98/24,10 A 001,OMEPRAZOLE,ZIMOR,GELULE A MICRO-GRANULES GASTRO-RESISTANTS,20MG,B/14 ET B/28,,,,,,,,,,,,,,,,,
253,268/10 A 168/23,10 A 168,FAMOTIDINE,FAMOTIDINE MABO 40,COMPRIME,40MG,B/20,,,,,,,,,,,,,,,,,
254,268/10 A 174/23,10 A 174,FAMOTIDINE,FAMOTIDINE MABO 20,COMPRIME,20MG,B/20,,,,,,,,,,,,,,,,,
255,003/10 A 180/09/25,10 A 180,ESOMEPRAZOLE MAGNESIUM TRIHYDRATE EXPRIME EN ESOMEPRAZOLE,MESOPRAL,MICROGRANULES GASTRO-RESISTANTS EN GELULE,20MG,B/14,,,,,,,,,,,,,,,,,
256,256/10 A 222/08/25,10 A 222,ESOMEPRAZOLE MAGNESIUM TRIHYDRATE EXPRIME EN ESOMEPRAZOLE,INEXIUM,COMPRIME GASTRO-RESISTANT,20MG,B/14,,,,,,,,,,,,,,,,,
257,003/10 B 010/06/25,10 B 010,HYDROXYDE D'ALUMINIUM/HYDROXYDE DE MAGNESIUM,SAILOX,SUSPENSION BUVABLE,"3,50G/4,00G/100ML",FL/250ML,,,,,,,,,,,,,,,,,
258,662/10 B 015/17/23,10 B 015,DIOSMECTITE,SMECTA FRAISE,POUDRE POUR SUSPENSION BUVABLE EN SACHET DOSE,3G/SACHET,B/30 SACHETS,,,,,,,,,,,,,,,,,
259,662/10 B 015/97/24,10 B 015,DIOSMECTITE,SMECTA ORANGE-VANILLE,POUDRE POUR SUSPENSION BUVABLE EN SACHET DOSE,3G/SACHET,B/30 SACHETS,,,,,,,,,,,,,,,,,
260,268/10 B 015/15/25,10 B 015,DIOSMECTITE,SMEDYL,POUDRE POUR SUSPENSION BUVABLE EN SACHET DOSE,3G/SACHET,B/30 SACHETS,,,,,,,,,,,,,,,,,
261,662/10 B 088/97/24,10 B 088,MONTMORILLONITE BEIDELLITIQUE,BEDELIX,POUDRE ORALE EN SACHET,3G,B/30,,,,,,,,,,,,,,,,,
262,418/10 B 119/19/25,10 B 119,PHLOROGLUCINOL DIHYDRATE/SIMETICONE,METEOLAX,GELULE,80MG/125MG,B/60,,,,,,,,,,,,,,,,,
263,231/10 B 119/17/25,10 B 119,PHLOROGLUCINOL DIHYDRATE/ SIMETICONE,SIMEXANE,GELULE,80MG/125MG,B/60,,,,,,,,,,,,,,,,,
264,571/10 B 119/25,10 B 119 ,PHLOROGLUCINOL DIHYDRATE/ SIMETICONE,FLOXANE ,GELULE,80MG/125MG,B/60,,,,,,,,,,,,,,,,,
265,657/10 B 166/07/25,10 B 166,CALCIUM CARBONATE/MAGNESIUM CARBONATE LOURD,RENNIE,COMPRIME A CROQUER,680MG/80MG,B/48,,,,,,,,,,,,,,,,,
266,235/10 C 017/08/25,10 C 017,NIFUROXAZIDE,XEFURYL,GELULE,200MG,B/28,,,,,,,,,,,,,,,,,
267,003/10 E 035/09/25,10 E 035,MEBEVERINE CHLORHYDRATE,MEBEVERINE-SAIDAL,COMPRIME ENROBE,100MG,B/30,,,,,,,,,,,,,,,,,
268,309/10 E 108/22,10 E 108,PHLOROGLUCINOL DIHYDRATE,SPACINOL,COMPRIME ORODISPERSIBLE,80MG,B/10 ET B/20,,,,,,,,,,,,,,,,,
269,304/10 E 108/25,10 E 108,PHLOROGLUCINOL DIHYDRATE,SPASGEN,COMPRIME ORODISPERSIBLE,80MG,B/10,,,,,,,,,,,,,,,,,
270,645/10 E 128/25,10 E 128,ALVERINE/SIMETICONE,ROVASPASMYL,CAPSULE MOLLE,60MG/300MG,B/20,,,,,,,,,,,,,,,,,
271,304/10 E 198/25,10 E 198,PHLOROGLUCINOL DIHYDRATE,SPASGEN,SOLUTION INJECTABLE IV /IM,40MG/4ML,B/10 ET B50  AMPOULES DE 4ML,,,,,,,,,,,,,,,,,
272,309/10 E 207/22,10 E 207,PHLOROGLUCINOL DIHYDRATE,SPACINOL,COMPRIME ORODISPERSIBLE,160MG,B/10 ET B/20,,,,,,,,,,,,,,,,,
273,235/10 E 207/25,10 E 207,PHLOROGLUCINOL DIHYDRATE,PHLOROGLUCINOL  GBL,COMPRIME ORODISPERSIBLE,160 MG,B/10,,,,,,,,,,,,,,,,,
274,433/10 F 042/15/22,10 F 042,METOCLOPRAMIDE CHLORHYDRATE MONOHYDRATE (CHLORHYDRATE DE METOCLOPRAMIDE),MODENUM,SOLUTION INJECTABLE IM/IV,10MG/2ML,B/10 ET B/50,,,,,,,,,,,,,,,,,
275,003/10 F 042/03/25,10 F 042,METOCLOPRAMIDE CHLORHYDRATE,CLOPRAMID,SOLUTION INJECTABLE IM/IV,10MG/2ML,B/05 ET B/50,,,,,,,,,,,,,,,,,
276,418/10 H 056/08/25,10 H 056,LOPERAMIDE CHLORHYDRATE,DIARYL,GELULE,2MG,B/20,,,,,,,,,,,,,,,,,
277,035/10 H 056/07/25,10 H 056,LOPERAMIDE CHLORHYDRATE,DIMEPRA,GELULE,2MG,B/20,,,,,,,,,,,,,,,,,
278,289/10 H 177/19/24,10 H 177,RACECADOTRIL,DIARFIL,PDRE ORALE EN SACHET DOSE,10MG,B/16 SACHETS,,,,,,,,,,,,,,,,,
279,289/10 H 178/20/25,10 H 178,RACECADOTRIL,DIARFIL,PDRE. ORALE EN SACHET DOSE,30MG,B/30,,,,,,,,,,,,,,,,,
280,231/10 H 221/25,10 H 221,LOPERAMIDE CHLORHYDRATE/SIMETICONE,ADIQRIX DUO 2/125 mg,COMPRIME,2MG/125MG,B/10,,,,,,,,,,,,,,,,,
281,662/10 L 098/98/24,10 L 098,MACROGOL 4000 (OU PEG=POLYETHYLENE GLYCOL 4000),FORLAX,POUDRE POUR SOLUTION BUVABLE EN SACHET DOSE,10G,B/20,,,,,,,,,,,,,,,,,
282,235/10 L 098/19/25,10 L 098,MACROGOL 4000 (OU PEG=POLYETHYLENE GLYCOL 4000),PROLAX,POUDRE POUR SOLUTION BUVABLE EN SACHET DOSE,10G,B/20,,,,,,,,,,,,,,,,,
283,231/10 L 185/09/25,10 L 185,BISACODYL,LAXADYL,SUPPOSITOIRE,5 MG,BOITE DE 06,,,,,,,,,,,,,,,,,
284,662/10 L 189/09/25,10 L 189,MACROGOL 4000 (OU PEG=POLYETHYLENE GLYCOL 4000),FORLAX 4G,POUDRE POUR SOLUTION BUVABLE EN SACHET DOSE,4G,B/20,,,,,,,,,,,,,,,,,
285,321/10 R 101/17/23,10 R 101,ACIDE URSODESOXYCHOLIQUE,TIALYZ,COMPRIME,200MG,B/30,,,,,,,,,,,,,,,,,
286,544/10 R 101/22,10 R 101,ACIDE URSODESOXYCHOLIQUE,URSA,GELULE,200MG,B/30 ET B/90,,,,,,,,,,,,,,,,,
287,263/11 A 001/20/25,11 A 001,ECONAZOLE NITRATE,ECOGYNAN,OVULE,150MG,B/03,,,,,,,,,,,,,,,,,
288,224/11 A 096/25,11 A 096,POLICRESULEN,RESULEN,OVULE VAGINALE,90MG,B/10,,,,,,,,,,,,,,,,,
289,231/11 A 511/23,11 A 511,NITRATE DE FENTICONAZOLE,FENOMIX,OVULE GYNECOLOGIQUE,600MG,B/01,,,,,,,,,,,,,,,,,
290,285/11 H 078/21,11 H 078,DROSPIRONE/ETHINYLES TRADIOL,LYANA,COMPRIME PELLICULE,"3MG/0,03MG",B/21,,,,,,,,,,,,,,,,,
291,314/11 K 097/25,11 K 097,POLYVIDONE IODEE,BETADERMINE GYNECOLOGIQUE 10%,SOLUTION ANTISEPTIQUE VAGINALE,10%,FL/120ML,,,,,,,,,,,,,,,,,
292,169/11 P 086/25,11 P 086,DIENOGEST,DIMETRUM,COMPRIME,2MG,B/28,,,,,,,,,,,,,,,,,
293,263/12 A 131/07/24,12 A 131,ACIDE ACETYLSALICYLIQUE,ASPIRINE CARDIO,GELULE,100MG,B/30 ET B/90,,,,,,,,,,,,,,,,,
294,447/12 A 193/23,12 A 193,APIXABAN,APIXABEK,COMPRIME PELLICULE,"2,5MG",B/30 ET B/60,,,,,,,,,,,,,,,,,
295,001/12 A 193/23,12 A 193,APIXABAN,APIXAR,COMPRIME PELLICULE,"2,5MG",B/20 ET B/60,,,,,,,,,,,,,,,,,
296,268/12 A 193/25,12 A 193,APIXABAN,INIBIX 2.5,COMPRIME PELLICULE,"2,5MG",B/60,,,,,,,,,,,,,,,,,
297,447/12 A 200/23,12 A 200,APIXABAN,APIXABEK,COMPRIME PELLICULE,5 MG,B/30 ET B/60,,,,,,,,,,,,,,,,,
298,268/12 A 200/25,12 A 200,APIXABAN,INIBIX 5 ,COMPRIME PELLICULE,5 MG,B/60,,,,,,,,,,,,,,,,,
299,433/12 B 081/20/25,12 B 081,ENOXAPARINE SODIQUE,VARENOX,SOLUTION INJECTABLE SC. ET INTRAVASCULAIRE EN SERING. PREREMPL.,"2000 UI/0,2ML",B/02 SERINGUES,,,,,,,,,,,,,,,,,
300,543/12 B 082/21,12 B 082,ENOXAPARINE SODIQUE,THERANOX,SOLUTION INJECTABLE SC ET INTRAVASCULAIRE EN SERING. PREREMPL.,"4000 UI/0,4ML",B/02 SERINGUES,,,,,,,,,,,,,,,,,
301,433/12 B 082/20/25,12 B 082,ENOXAPARINE SODIQUE,VARENOX,SOLUTION INJECTABLE SC ET INTRAVASCULAIRE EN SERING. PREREMPL.,"4000 UI/0,4ML",B/02 SERINGUES,,,,,,,,,,,,,,,,,
302,543/12 B 083/21,12 B 083,ENOXAPARINE SODIQUE,THERANOX,SOLUTION INJECTABLE SC ET INTRAVASCULAIRE EN SERING. PREREMPL.,"6000 UI/0,6ML",B/02 SERINGUES,,,,,,,,,,,,,,,,,
303,433/12 B 083/20/25,12 B 083,ENOXAPARINE SODIQUE,VARENOX,SOLUTION INJECTABLE SC ET INTRAVASCULAIRE EN SERING. PREREMPL.,"6000 UI/0,6ML",B/02 SERINGUES,,,,,,,,,,,,,,,,,
304,433/12 B 084/20/25,12 B 084,ENOXAPARINE SODIQUE,VARENOX,SOLUTION INJECTABLE SC. ET INTRAVASCULAIRE EN SERING. PREREMPL.,"8000UI/0,8ML",B/02 SERINGUES,,,,,,,,,,,,,,,,,
305,083/12 B 097/03/24,12 B 097,TINZAPARINE SODIQUE,INNOHEP,SOLUTION INJECTABLE SOUS-CUTANEE EN SERINGUE PRE REMLIE,"2500UI ANTI XA/0,25ML","B/02 SERING. PREREMPL. DE 0,25ML AVEC SYSTÈME DE SECURITE D'AIGUILLE",,,,,,,,,,,,,,,,,
306,083/12 B 098/03/24,12 B 098,TINZAPARINE SODIQUE,INNOHEP,SOLUTION INJECTABLE SOUS-CUTANEE EN SERINGUE PRE REMLIE,"3500UI ANTI-XA/0,35ML","B/02 SERING. PREREMPL. DE 0,35ML AVEC SYSTÈME DE SECURITE D'AIGUILLE ET B/10 SERING. PREREMPL. DE 0,35ML AVEC SYSTÈME DE SECURITE D'AIGUILLE",,,,,,,,,,,,,,,,,
307,083/12 B 099/03/24,12 B 099,TINZAPARINE SODIQUE (HBPM),INNOHEP,SOLUTION INJECTABLE SOUS-CUTANEE EN SERINGUE PRE REMLIE,4 500UI ANTI-XA/0.45ML,"B/02 SERING. PREREMPL. DE 0,45ML AVEC SYSTÈME DE SECURITE D'AIGUILLE ET B/10 SERING. PREREMPL. DE 0,45ML AVEC SYSTÈME DE SECURITE D'AIGUILLE",,,,,,,,,,,,,,,,,
308,470/12 E 020/13/25,12 E 020,ACIDE FOLIQUE,FONITRA,COMPRIME,5MG,B/60,,,,,,,,,,,,,,,,,
309,003/12 E 020/97/25,12 E 020,ACIDE FOLIQUE,ZANITRA,COMPRIME,5MG,B/60,,,,,,,,,,,,,,,,,
310,426/12 E 106/01/22,12 E 106,HYDROXYDE FERRIQUE POLYMALTOSE EXPRIME EN FER FERRIQUE,TRIFER,SOLUTION BUVABLE,100MG DE FER ELEMENTAIRE/5ML,B/10FL. DE 5ML,,,,,,,,,,,,,,,,,
311,235/12 E 109/25,12 E 109,HYDROXYDE FERRIQUE POLYMALTOSE EXPRIME EN FER FERRIQUE,CAREFER,SIROP,10MG/ML (50MG/5ML),B/01 FLC DE 100ML,,,,,,,,,,,,,,,,,
312,426/12 E 109/08/24,12 E 109,HYDROXYDE FERRIQUE POLYMALTOSE EXPRIME EN FER FERRIQUE,SELOFER-50,SIROP,10MG/ML (50MG/5ML),B/01 FLC DE 150ML + PIPETTE GRADUEE,,,,,,,,,,,,,,,,,
313,426/12 E 133/13/24,12 E 133,HYDROXYDE FERRIQUE POLYMALTOSE EXPRIME EN FER FERRIQUE/ACIDE FOLIQUE,SELOFER FOL,COMPRIME A SUCER,"100MG/0,35MG",B/30,,,,,,,,,,,,,,,,,
314,177/12 E 133/07/23,12 E 133,HYDROXYDE FERRIQUE POLYMALTOSE EXPRIME EN FER FERRIQUE/ACIDE FOLIQUE,TRIFER FOL,COMPRIME PELLICULE,"100MG/0,35MG",B/30,,,,,,,,,,,,,,,,,
315,177/12 E 134/14/23,12 E 134,HYDROXYDE FERRIQUE POLYMALTOSE EXPRIME EN FER FERRIQUE,FERRUM HAUSMANN GOUTTES,SOLUTION BUVABLE EN GOUTTES,50MG/ML,B/01FL.COMPT. GTTES DE 30ML,,,,,,,,,,,,,,,,,
316,433/12 E 135/15/25,12 E 135,COMPLEXE D'HYDROXIDE FERRIQUE-SACCHAROSE,RAZIFER,SOLUTION INJECTABLE. PERF. IV,20MG/ML (100MG/5ML),B/05 AMP DE 5ML,,,,,,,,,,,,,,,,,
317,426/12 E 152/08/24,12 E 152,COMPLEXE HYDROXYDE FERRIQUE POLYMALTOSE EXPRIME EN FER FERRIQUE,SELOFER-100,SIROP,100MG/5ML,B/01 FLC DE 150ML+01 CAPSULE A VIS EN PLASTIQUE A L'EPREUVE DES ENFANTS+ CUILLERE MESURE,,,,,,,,,,,,,,,,,
318,001/12 E 199/19/25,12 E 199,CARBOXYMALTOSE FERRIQUE EXPRIME EN FER,FERINJECT,SOLUTION INJECTABLE P/PERF IV OU P/INJ DS DIALYSEUR,50 MG/ML,B/1FL DE 10 ML,,,,,,,,,,,,,,,,,
319,447/12 F 159/16/22,12 F 159,RIVAROXABAN,TROMBIX,COMPRIME PELLICULE,10MG,B/30,,,,,,,,,,,,,,,,,
320,173/12 F 159/23,12 F 159,RIVAROXABAN,VAROXA,COMPRIME PELLICULE,10MG,B/30,,,,,,,,,,,,,,,,,
321,447/12 F 167/16/24,12 F 167,RIVAROXABAN,TROMBIX,COMPRIME PELLICULE,15MG,B/30 ET B/12 ET B/42,,,,,,,,,,,,,,,,,
322,173/12 F 167/23,12 F 167,RIVAROXABAN,VAROXA,COMPRIME PELLICULE,15MG,B/30,,,,,,,,,,,,,,,,,
323,447/12 F 168/16/22,12 F 168,RIVAROXABAN,TROMBIX,COMPRIME PELLICULE,20 MG,B/30,,,,,,,,,,,,,,,,,
324,173/12 F 168/23,12 F 168,RIVAROXABAN,VAROXA,COMPRIME PELLICULE,20 MG,B/30,,,,,,,,,,,,,,,,,
325,426/12 H 040/98/23,12 H 040,ETAMSYLATE,DICYNONE,COMPRIME,250MG,B/20,,,,,,,,,,,,,,,,,
326,003/12 J 114/24,12 J 114,EPTACOG ALFA (ACTIVE),GOAGIL-VII,LYOPHILISAT POUR SOLUTION INJECTABLE,"1,2MG",B/1 FLC DE LYOPHILISAT +1 FLC DE 05 ML DE SOLVANT (EAU POUR PREPARATIONS INJECTABLES)+1 SERINGUE+2 CANULES+1 CATHETER VEINEUX PERIPHERIQUE+2 TAMPONS ALCOOLISES,,,,,,,,,,,,,,,,,
327,003/12 J 117/24,12 J 117,EPTACOG ALFA (ACTIVE),GOAGIL-VII,LYOPHILISAT POUR SOLUTION INJECTABLE,"2,4MG",B/1 FLC DE LYOPHILISAT +1 FLC DE 05 ML DE SOLVANT (EAU POUR PREPARATIONS INJECTABLES)+1 SERINGUE+2 CANULES+1 CATHETER VEINEUX PERIPHERIQUE+2 TAMPONS ALCOOLISES,,,,,,,,,,,,,,,,,
328,596/12 J 160/24,12 J 160,EPTACOG ALFA (ACTIVE),ARYOSEVEN RT,PDRE. LYOPH. ET SOLV. P. SOL. INJ.,1MG/FL. DE PDRE. (50KUI/FL. DE PDRE.),B/1FL. DE PDRE. + 1FL. DE SOLVT.,,,,,,,,,,,,,,,,,
329,596/12 J 161/24,12 J 161,EPTACOG ALFA (ACTIVE),ARYOSEVEN RT,PDRE. LYOPH. ET SOLV. P. SOL. INJ.,2MG/FL. DE PDRE. (100KUI/FL. DE PDRE.),B/1FL. DE PDRE. + 1FL. DE SOLVT.,,,,,,,,,,,,,,,,,
330,596/12 J 162/24,12 J 162,EPTACOG ALFA (ACTIVE),ARYOSEVEN RT,PDRE. LYOPH. ET SOLV. P. SOL. INJ.,5MG/FL. DE PDRE. (250KUI/FL. DE PDRE.),B/1FL. DE PDRE. + 1FL. DE SOLVT.,,,,,,,,,,,,,,,,,
331,640/12 J 202/24,12 J 202,NONACOG ALPHA,INNONAFACTOR,LYOPHIULISAT POUR SOLUTION INJECTABLE PAR VOIE IV,500UI,B/1 DE LYOPHILISAT + 1FL DE 5ML DE SOLVANT (EAU POUR PREPARATION INJECTABLES)  ,,,,,,,,,,,,,,,,,
332,003/12 J 205/24,12 J 205,NONACOG ALPHA,INNONAFACTOR,POUDRE ET SOLVANT POUR SOLUTION INJECTABLE IV,1000UI,B/1 DE LYOPHILISAT + 1FL DE 10ML DE SOLVANT (EAU POUR PREPARATION INJECTABLES)  ,,,,,,,,,,,,,,,,,
333,481/12 L 179/16/25,12 L 179,ROMIPLOSTIM,N PLATE,PDRE. P. SOL. INJ. SC,250µG/FL. DE PDRE.,B/01 FL. DE PDRE.,,,,,,,,,,,,,,,,,
334,481/12 L 180/15/25,12 L 180,ROMIPLOSTIM,N PLATE,PDRE. P. SOL. INJ. SC,500µG/FL. DE PDRE.,B/01 FL. DE PDRE.,,,,,,,,,,,,,,,,,
335,433/12 L 189/25,12 L 189,FILGRASTIM,NEUPOFIL,SOLUTION INJECTABLE S/C IV EN SERINGUE PRE REMPLIE,"30MUI/0,5ML",B/01 SERINGUE,,,,,,,,,,,,,,,,,
336,433/12 L 190/25,12 L 190,FILGRASTIM,NEUPOFIL,SOLUTION INJECTABLE S/C IV EN SERINGUE PRE REMPLIE,"48MUI/0,5ML",B/01 SERINGUE,,,,,,,,,,,,,,,,,
337,357/12 L 226/25,12 L 226,FILGRASTIM,NEUTROMAX,SOLUTION INJECTABLE SC OU PERFUSION IV,300MEG/ML,B/01 FL DE 1ML,,,,,,,,,,,,,,,,,
338,357/12 L 227/25,12 L 227,FILGRASTIM,NEUTROMAX,SOLUTION INJECTABLE SC OU PERFUSION IV,480MEG/ML,"B/01 FL DE 1,6ML",,,,,,,,,,,,,,,,,
339,556/13 B 012/24,13 B 012,CAFAZOLINE SOUS FORME DE CEFAZOLINE SODIQUE,MIRAZOLIN,POUDRE ET SOLVANT POUR SOLUTION INJECTABLE IV/IM,1G,B/01 FLACON DE POUDRE ET UNE AMPOULE DE SOLVANT,,,,,,,,,,,,,,,,,
340,556/13 B 013/20/25,13 B 013,CEFAZOLINE,MIRAZOLIN,POUDRE POUR SOLUTION INJECTABLE IM/IV,1G,BOITE DE 10 FLACON,,,,,,,,,,,,,,,,,
341,556/13 B 014/20,13 B 014,CEFOTAXIME SODIQUE EXPRIME EN CEFOTAXIME,AYATAXIM,POUDRE POUR SOLUTION INJECTABLE IV/IM,1G,BOITE DE 10 FLACON,,,,,,,,,,,,,,,,,
342,035/13 B 197/18/25,13 B 197,CEFIXIME TRIHYDRATE EXPRIME EN CEFIXIME ANHYDRE,CEFIMAX,POUDRE POUR SUSPENSION BUVABLE,40MG/5ML,FL/40 ML ET PIPETTE GRADUEE,,,,,,,,,,,,,,,,,
343,035/13 B 198/18/25,13 B 198,CEFIXIME TRIHYDRATE EXPRIME EN CEFIXIME ANHYDRE,CEFIMAX,POUDRE POUR SUSPENSION BUVABLE,100MG/5ML,F L/40 ML ET PIPETTE GRADUEE,,,,,,,,,,,,,,,,,
344,039/13 B 223/18/25,13 B 223,CEFALEXINE MONOHYDRATEE EXPRIME EN CEFALEXINE,LEXINAL ,COMPRIME PELLICULE,1G,B/12,,,,,,,,,,,,,,,,,
345,035/13 B 224/20/25,13 B 224,CEFUROXIME AXETIL EXPRIME EN CEFUROXIME,ZYNAX,GRANULES POUR SUSPENSION BUVABLE,125MG/5ML,FL/200ML,,,,,,,,,,,,,,,,,
346,055/13 B 260/12/25,13 B 260,CEFACLOR MONOHYDRATE,CLORACEF FORTE 250,GRANULE POUR SUSPENSION BUVABLE EN FLACON,250MG/5ML,FL/75ML,,,,,,,,,,,,,,,,,
347,293/13 E 031/05/25,13 E 031,SPIRAMYCINE,SPIRACARE,COMPRIME PELLICULE,1 500 000UI,B/16,,,,,,,,,,,,,,,,,
348,293/13 E 032/05/25,13 E 032,SPIRAMYCINE,SPIRACARE,COMPRIME PELLICULE,3 000 000UI,B/10,,,,,,,,,,,,,,,,,
349,591/13 E 176/23,13 E 176,AZITHROMYCINE DIHYDRATE,ZITROMICINE,COMPRIME PELLICULE,250MG,B/06,,,,,,,,,,,,,,,,,
350,035/13 E 176/15/25,13 E 176,AZITHROMYCINE DIHYDRATE,ZOTRIX,COMPRIME PELLICULE,250MG,B/06,,,,,,,,,,,,,,,,,
351,035/13 E 177/15/25,13 E 177,AZITHROMYCINE DIHYDRATEE EXPRIMEE EN AZITHROMYCINE,ZOTRIX,POUDRE POUR SOLUTION BUVABLE,200MG/5ML(40MG/ML),"B/01 FL. DE 15ML,30ML,37,5ML DE SUSP. BUV. APRES RECONSTITUTION + 01 PIPETTE GRADUEE",,,,,,,,,,,,,,,,,
352,318/13 E 215/24,13 E 215,CLARITHROMYCINE,CLARITHROMYCINE NS,COMPRIME PELLICULE,500MG,B/14,,,,,,,,,,,,,,,,,
353,447/13 E 299/13/24,13 E 299,AZITHROMYCINE DIHYDRATEE EXPRIMEE EN AZITHROMYCINE,AZITHROMYCINE BEKER,COMPRIME PELLICULE SECABLE,500MG,B/03,,,,,,,,,,,,,,,,,
354,591/13 E 299/23,13 E 299,AZITHROMYCINE DIHYDRATEE EXPRIMEE EN AZITHROMYCINE,ZITROMICINE,COMPRIME PELLICULE,500MG,B/03,,,,,,,,,,,,,,,,,
355,035/13 E 299/15/25,13 E 299,AZITHROMYCINE DIHYDRATEE EXPRIMEE EN AZITHROMYCINE,ZOTRIX,COMPRIME PELLICULE SECABLE,500MG,B/03,,,,,,,,,,,,,,,,,
356,035/13 F 039/09/25,13 F 039,METRONIDAZOLE,IMUZOLE,COMPRIME PELLICULE ,250MG,B/20,,,,,,,,,,,,,,,,,
357,263/13 F 040/96/25,13 F 040,METRONIDAZOLE BENZOATE EXPRIME EN METRONIDAZOLE,FLAGYL ,SUSPENSION BUVABLE,125MG/5ML,FL/120ML,,,,,,,,,,,,,,,,,
358,035/13 F 199/11/25,13 F 199,METRONIDAZOLE,IMUZOLE,COMPRIME PELLICULE ,500MG,B/20,,,,,,,,,,,,,,,,,
359,001/13 F 528/25,13 F 528,ORNIDAZOLE,ORNIVODA,COMPRIME PELLICULE,500MG,B/10,,,,,,,,,,,,,,,,,
360,003/13 G 045/98/25,13 G 045,AMOXICILLINE TRIHYDRATEE (AMOXICILLINE),AMOXYPEN,GELULE,500MG,B/12,,,,,,,,,,,,,,,,,
361,323/13 G 047/04/24,13 G 047,AMOXICILLINE TRIHYDRATE EXPRIME EN AMOXICILLINE,AMODEX-Gé,POUDRE POUR SOLUTION BUVABLE,250MG/5ML,B/01 FLC DE 60ML,,,,,,,,,,,,,,,,,
362,003/13 G 071/99/25,13 G 071,PHENOXYMETHYLPENICILLINE POTASSIQUE EXPRIME EN PHENOXYMETHYLPENICILLINE,ORAPEN,PDRE.SUSP.OR.,250 000UI/5ML,FL/60 ML,,,,,,,,,,,,,,,,,
363,003/13 G 072/96/25,13 G 072,PHENOXYMETHYLPENICILLINE POTASSIQUE EXPRIME EN PHENOXYMETHYLPENICILLINE,ORAPEN,COMPRIME,1000 000UI,B/12,,,,,,,,,,,,,,,,,
364,001/13 G 230/15/25,13 G 230,AMOXICILLINE TRIHYDRATEE EXPRIME EN AMOXICILLINE,PENAMOX D,COMPRIME DISPERSIBLE,1G,B/14,,,,,,,,,,,,,,,,,
365,323/13 G 230/04/25,13 G 230,AMOXICILLINE TRIHYDRATEE EXPRIME EN AMOXICILLINE,AMODEX-Gé,COMPRIME DISPERSIBLE,1G,B/14,,,,,,,,,,,,,,,,,
366,293/13 G 268/16/24,13 G 268,AMOXICILLINE TRIHYDRATE E EXPRIME EN AMOXICILLINE ANHYDRE,BIOPAMOX,GRANULE POUR SUSPENSION BUVABLE EN SACHET,1G/SACHET,B/08,,,,,,,,,,,,,,,,,
367,003/13 G 306/09/25,13 G 306,PHENOXYMETHYLPENICILLINE,ORAPEN,COMPRIME SECABLE,1 500 000UI,B/12,,,,,,,,,,,,,,,,,
368,329/13 N 096/08/24,13 N 096,VANCOMYCINE** (SOUS FORME DE CHLORHYDRATE),VANCOLON,PDRE. SOL. INJ. IV,500MG,B/1FL. DE PDRE ,,,,,,,,,,,,,,,,,
369,426/13 N 179/99/25,13 N 179,ACIDE FUSIDIQUE,FUCIDINE,COMPRIME PELLICULE,250MG,B/10,,,,,,,,,,,,,,,,,
370,447/13 P 476/16/22,13 P 476,SOFOSBUVIR/LEDIPASVIR,SOFOSLED,COMPRIME PELLICULE,400MG/90MG,B/28,,,,,,,,,,,,,,,,,
371,447/13 P 479/17/23,13 P 479,SOFOSBUVIR/DACLATASVIR,SOFOSDAC,COMPRIME PELLICULE,400MG/60MG,B/28,,,,,,,,,,,,,,,,,
372,024/13 P 480/17/25,13 P 480,RALTEGRAVIR,ISENTRESS,COMPRIME PELLICULE,400MG,B/01 FL DE 60,,,,,,,,,,,,,,,,,
373,633/13 P 516/24,13 P 516,LETERMOVIR,PREVYMIS,COMPRIME PELLICULE,240MG,B/28,,,,,,,,,,,,,,,,,
374,633/13 P 517/24,13 P 517,LETERMOVIR,PREVYMIS,COMPRIME PELLICULE,480MG,B/28,,,,,,,,,,,,,,,,,
375,318/13 P 520/24,13 P 520,ACICLOVIR,ACICLOVIR NS ,SUSPENSION BUVABLE ,800MG/10ML,FL/125ML,,,,,,,,,,,,,,,,,
376,433/13 R 107/19/25,13 R 107,FLUCONAZOLE,FLUMIKOZ,SOL P/PERF I/V,200MG/100ML,FL/100ML,,,,,,,,,,,,,,,,,
377,268/13 R 155/06/24,13 R 155,FLUCONAZOLE,AMIKOZ 50,GELULE,50MG,B/03 ET B/07,,,,,,,,,,,,,,,,,
378,003/13 R 172/07/25,13 R 172,TERBINAFINE CHLORHYDRATE EXPRIME EN TERBINAFINE,LAMIDAZ,COMPRIME PELLICULE,250MG,B/20,,,,,,,,,,,,,,,,,
379,293/13 R 258/14/25,13 R 258,FLUCONAZOLE,DIFLUCARE,GELULE,150MG,B/01,,,,,,,,,,,,,,,,,
380,003/13 R 337/25,13 R 337,VORICONAZOLE,VORICONAZOLE - SAIDAL,PDRE. SOL PERF.IV,200 MG/FLACON,B/ 1 FLACON DE 30ML CONTENANT 200 MG DE POUDRE LYOPHILISEE,,,,,,,,,,,,,,,,,
381,045/13 R 529/25,13 R 529,ANIDULAFUNGIN,ECALTA,POUDRE POUR SOLUTION A DILUER POUR PERFUSION,100MG,B/01 FL DE 30ML,,,,,,,,,,,,,,,,,
382,045/13 U 530/25,13 U 530,NEISSERIA MENINGITIDIS GROUPE (A POLYSACCHARIDE - C POLYSACCHARIDE - W-135 POLYSACCHARIDE - Y POLYSACCHARIDE * CONJUGUE A L'ANATOXINE TETANIQUE EN TANT QUE PREOTEINE VECTRICE),NIMENRIX,POUDRE ET SOLVANT POUR SOLUTION INJECTABLE ,5µg/5µg/5µg/5µg/44µg,B/01 FL DE POUDRE + UNE SERINGUE PREREMPLIE DE SOLVANT + 02 AIGUILLES ,,,,,,,,,,,,,,,,,
383,533/13 V 471/25,13 V 471,IIMMUNOGLOBULINE HUMAINE NORMAL IGIV,CLAIRYG,SOLUTION POUR PERFUSION IV,"50MG/ML (2,5G/50ML OU 5G/100ML OU 10G/200ML)",B/01 FL. MUNI D'UN BOUCHON ET D'UNE CAPSULE,,,,,,,,,,,,,,,,,
384,256/13 V 499/19/25,13 V 499,PALIVIZUMAB,SYNAGIS,SOLUTION INJECTABLE,100MG/ML,"B/01 FLACON DE 01ML (100MG/ML) , B/01 FLACON DE 0,5ML (50MG/0,5ML)",,,,,,,,,,,,,,,,,
385,447/14 A 006/10/25,14 A 006,METFORMINE CHLORHYDRATE,NEXECOR,COMPRIME PELLICULE ,500MG,B/98,,,,,,,,,,,,,,,,,
386,003/14 A 007/05/25,14 A 007,METFORMINE CHLORHYDRATE,DIAGUANID,COMPRIME PELLICULE,850MG,B/30 ET B/90 ET B/120,,,,,,,,,,,,,,,,,
387,447/14 A 007/10/25,14 A 007,METFORMINE CHLORHYDRATE,NEXECOR,COMPRIME PELLICULE ,850MG,B/90,,,,,,,,,,,,,,,,,
388,447/14 A 136/16/22,14 A 136,ACARBOSE,GLYBEK,COMPRIME,50MG,B/30 ,,,,,,,,,,,,,,,,,
389,149/14 A 341/17/25,14 A 341,ACARBOSE,GLUCONOVA,COMPRIME SECABLE,100MG,B/30,,,,,,,,,,,,,,,,,
390,447/14 A 341/16/22,14 A 341,ACARBOSE,GLYBEK,COMPRIME SECABLE,100MG,B/30 ,,,,,,,,,,,,,,,,,
391,263/14 A 342/15/25,14 A 342,SITAGLIPTINE PHOSPHATE MONOHYDRATE EXPRIME EN SITAGLIPTINE,JEGA,COMPRIME PELLICULE,100MG,B/30,,,,,,,,,,,,,,,,,
392,546/14 A 345/21,14 A 345,VILDAGLIPTINE,GALVINE,COMPRIME,50MG,B/30,,,,,,,,,,,,,,,,,
393,001/14 A 374/20,14 A 374,ALOGLIPTINE BENZOATE/METFORMINE CHLORHYDRATE,VIPDOMET,COMPRIME PELLICULE,12.5MG/500MG,B/60,,,,,,,,,,,,,,,,,
394,001/14 A 375/20,14 A 375,ALOGLIPTINE BENZOATE/METFORMINE CHLORHYDRATE,VIPDOMET,COMPRIME PELLICULE,12.5MG/1000MG,B/60,,,,,,,,,,,,,,,,,
395,040/14 A 391/23,14 A 391,GLICLAZIDE,DIAMICRON,COMPRIME SECABLE A LIBERATION MODIFIEE,60MG,B/30 ET B/150,,,,,,,,,,,,,,,,,
396,152/14 A 399/24,14 A 399,EMPAGLIFLOZINE,JARDIANCE,COMPRIME PELLICULE,25MG,B/30,,,,,,,,,,,,,,,,,
397,152/14 A 413/24,14 A 413,EMPAGLIFLOZINE,JARDIANCE,COMPRIME PELLICULE,10MG,B/30,,,,,,,,,,,,,,,,,
398,069/14 B 227/07/23,14 B 227,INSULINE DETEMIR,LEVEMIR FLEXPEN,SOLUTION INJECTABLE ,100U/ML ,B/05 STYLOS PRE REMPLIS MULTIDOSE JETABLES DE 3ML,,,,,,,,,,,,,,,,,
399,376/14 B 384/21,14 B 384,INSULINE GLARGINE,TOUJEO SOLOSTAR,SOLUTION INJECTABLE,300UI/ML,"B/3 STYLOS DE 1,5ML",,,,,,,,,,,,,,,,,
400,263/14 G 029/15/25,14 G 029,CARBONATE DE CALCIUM EXPRIME EN CALCIUM ELEMENT,KINADYN CALCIUM,POUDRE POUR SUSPENSION BUVABLE EN SACHET DOSE,500MG,B/30SACHETS,,,,,,,,,,,,,,,,,
401,544/14 G 038/23,14 G 038,LEVOCARNITINE,METACARTIN,SOLUTION BUVABLE,100 MG/ML,BOITE D'UN FLACON DE 100ML,,,,,,,,,,,,,,,,,
402,003/14 G 044/25,14 G 044,GLUCOSE MONOHYDRATE EXPRIME EN GLUCOSE ANHYDRE,GLUCOSE-SAIDAL,SOLUTION INJECTABLE POUR PERFUSION,5% (25G/500ML),FLACON DE POLYPROPYLENE DE 500ML,,,,,,,,,,,,,,,,,
403,280/14 G 044/01/22,14 G 044,GLUCOSE MONOHYDRATE EXPRIME EN GLUCOSE ANHYDRE,GLUCOSE 5%,SOLUTION POUR PERFUSION,5% (25G/500ML),POCHE DE 500ML  ET FLACON DE 500ML,,,,,,,,,,,,,,,,,
404,657/14 G 078/25,14 G 078,CHLORURE DE SODIUM,"SODIUM CHLORIDE 0,9% INFUSION BP 2021",SOLUTION POUR PERFUSION,0.009,FLACON EN LDPE DE 500ML,,,,,,,,,,,,,,,,,
405,003/14 G 078/25,14 G 078,CHLORURE DE SODIUM,SODIUM CHLORIDE INFUSION (B.P.2021),SOLUTION POUR PERFUSION,0.009,FLACON EN LDPE DE 500ML,,,,,,,,,,,,,,,,,
406,318/14 G 141/23,14 G 141,CALCIUM CARBONATE,CALCIOS,COMPRIME A SUCER,500MG,B/60,,,,,,,,,,,,,,,,,
407,433/14 G 183/15/25,14 G 183,EAU POUR PREPARATIONS INJECTABLES ,EAU POUR PREPARATIONS INJECTABLES RAZES,SOLUTION POUR PREPARATION INJECTABLE,1 AMP DE 2ML,B/50 AMP. DE 2ML,,,,,,,,,,,,,,,,,
408,003/14 G 183/25,14 G 183,EAU POUR PREPARATIONS INJECTABLES ,EPPI-SAIDAL,SOLUTION POUR PREPARATION INJECTABLE,1 AMP DE 2ML,B/50 AMP. DE 2ML,,,,,,,,,,,,,,,,,
409,433/14 G 185/15/25,14 G 185,EAU POUR PREPARATIONS INJECTABLES IM/IV,EAU POUR PREPARATIONS INJECTABLES RAZES,EAU POUR PREPARATION INJECTABLE IM/IV,AMP. DE 5ML,B/50 AMP. DE 5ML,,,,,,,,,,,,,,,,,
410,235/14 H 222/25,14 H 222,ACIDE ASCORBIQUE,VITAMINE C BGL,COMPRIME EFFERVESSANT,1G,B/10,,,,,,,,,,,,,,,,,
411,235/14 H 222/25,14 H 222,ACIDE ASCORBIQUE,VITAMINE C  BGL,COMPRIME EFFERVESSANT,1G,B/10,,,,,,,,,,,,,,,,,
412,298/14 K 417/25,14 K 417,ACIDE AMINES/GLUCOSE/LIPIDES,NUMETZAH G13% E,EMULSION POUR PERFEUSION,"50%/5,9%/12,5%",10 POCHES DE 300ML DE 3 COMPARTIMENTS (80ML + 160ML + 60ML),,,,,,,,,,,,,,,,,
413,298/14 K 418/25,14 K 418,ACIDE AMINES/GLUCOSE/LIPIDES,NUMETZAH G16% E,EMULSION POUR PERFEUSION,"50%/5,9%/12,5%",06 POCHES DE 500ML DE 3 COMPARTIMENTS (155ML + 221ML + 124ML),,,,,,,,,,,,,,,,,
414,298/14 K 419/25,14 K 419,ACIDE AMINES/GLUCOSE/LIPIDES,NUMETZAH G19% E,EMULSION POUR PERFEUSION,"50%/5,9%/12,5%",06 POCHES DE 1000ML DE 3 COMPARTIMENTS (383ML + 392ML + 225ML),,,,,,,,,,,,,,,,,
415,592/14 N 316/23,14 N 316,IMIGLUCERASE,GLURAZYME,PDRE. A DILUER SOL. PERF. IV,400 U,B/01FL. DE PDRE. 400UI,,,,,,,,,,,,,,,,,
416,069/14 R 414/25,14 R 414,SEMAGLUTIDE,OZEMPIC,SOLUTION INJECTABLE ,"0,25MG","STYLO PRE REMPLI 1,5 ml",,,,,,,,,,,,,,,,,
417,069/14 R 415/25,14 R 415,SEMAGLUTIDE,OZEMPIC,SOLUTION INJECTABLE ,1MG,STYLO PRE REMPLI 3 ml,,,,,,,,,,,,,,,,,
418,069/14 R 416/25,14 R 416,SEMAGLUTIDE,OZEMPIC,SOLUTION INJECTABLE ,"0,5MG/ML","STYLO PRE REMPLI 1,5 ml",,,,,,,,,,,,,,,,,
419,242/15 A 008/09/25,15 A 008,CLONAZEPAM,CLONA,COMPRIME,2MG,B/20,,,,,,,,,,,,,,,,,
420,242/15 A 009/10/25,15 A 009,CLONAZEPAM,CLONA,SOLUTION BUVABLE,"2,5MG/ML",1 FLACON/20ML,,,,,,,,,,,,,,,,,
421,352/15 A 051/10/25,15 A 051,LAMOTRIGINE,AMITRAL,COMPRIME DISPERSIBLE,5MG,B/30,,,,,,,,,,,,,,,,,
422,447/15 A 051/16/25,15 A 051,LAMOTRIGINE,LAMOTRIGINE BEKER,COMPRIME DISPERSIBLE,5MG,B/30,,,,,,,,,,,,,,,,,
423,293/15 A 052/18/25,15 A 052,LAMOTRIGINE,BIOLAM,COMPRIME DISPERS. OU. A CROQUER,25MG,B/30,,,,,,,,,,,,,,,,,
424,447/15 A 052/13/23,15 A 052,LAMOTRIGINE,LAMOTRIGINE BEKER,COMPRIME DISPERSIBLE,25MG,B/56,,,,,,,,,,,,,,,,,
425,352/15 A 053/10/25,15 A 053,LAMOTRIGINE,AMITRAL,COMPRIME DISPERSIBLE,100MG,B/30,,,,,,,,,,,,,,,,,
426,293/15 A 053/18/25,15 A 053,LAMOTRIGINE,BIOLAM,COMPRIME DISPERS. OU. A CROQUER,100MG,B/30,,,,,,,,,,,,,,,,,
427,447/15 A 053/13/25,15 A 053,LAMOTRIGINE,LAMOTRIGINE BEKER,COMPRIME DISPERSIBLE,100MG,B/56,,,,,,,,,,,,,,,,,
428,263/15 A 068/15/25,15 A 068,PREGABALINE,NEURICA,GELULE,150MG,B/60,,,,,,,,,,,,,,,,,
429,447/15 A 069/13/25,15 A 069,PREGABALINE,PREGABALINE BEKER,GELULE,300MG,B/60 ET B/90,,,,,,,,,,,,,,,,,
430,177/15 A 072/20,15 A 072,LEVETIRACETAM,EPIXX,COMPRIME PELLICULE,250MG,B/30,,,,,,,,,,,,,,,,,
431,173/15 A 072/20,15 A 072,LEVETIRACETAM,KEPACETAM,COMPRIME PELLICULE,250MG,B/30,,,,,,,,,,,,,,,,,
432,492/15 A 072/20/25,15 A 072,LEVETIRACETAM,SOPROTAM 250,COMPRIME PELLICULE,250MG,B/60,,,,,,,,,,,,,,,,,
433,177/15 A 073/20,15 A 073,LEVETIRACETAM,EPIXX,COMPRIME PELLICULE,500MG,B/30,,,,,,,,,,,,,,,,,
434,173/15 A 073/20,15 A 073,LEVETIRACETAM,KEPACETAM,COMPRIME PELLICULE,500MG,B/30,,,,,,,,,,,,,,,,,
435,173/15 A 086/18/22,15 A 086,GABAPENTINE,NEUROPLEX,GELULE,300MG,B/50,,,,,,,,,,,,,,,,,
436,173/15 A 087/18/22,15 A 087,GABAPENTINE,NEUROPLEX,GELULE,400MG,B/50,,,,,,,,,,,,,,,,,
437,177/15 A 100/23,15 A 100,LEVETIRACETAM,EPIXX,SOLUTION BUVALE,100MG/ML,FL/300ML,,,,,,,,,,,,,,,,,
438,177/15 A 101/19/25,15 A 101,PREGABALINE,GABALYSE,GELULE,75MG,B/56,,,,,,,,,,,,,,,,,
439,595/15 A 101/18,15 A 101,PREGABALINE,LYRICA,GELULE,75MG,B/56,,,,,,,,,,,,,,,,,
440,177/15 A 102/20,15 A 102,LEVETIRACETAM,EPIXX,COMPRIME PELLICULE,750MG,B/30,,,,,,,,,,,,,,,,,
441,177/15 A 105/21,15 A 105,LEVETIRACETAM,EPIXX,COMPRIME PELLICULE,1000MG,B/60,,,,,,,,,,,,,,,,,
442,352/15 B 137/25,15 B 137,RIZATRIPTAN ,MITRIPTAN,COMPRIME ORODISPERSIBLE,10 MG,B/10,,,,,,,,,,,,,,,,,
443,433/15 C 024/20/25,15 C 024,METHYLSULFATE DE NEOSTIGMINE,NEOSTIGMINE RAZES,"Solution injectable IM,IV,S/C","0,5MG/ML",B/10 AMPS,,,,,,,,,,,,,,,,,
444,235/15 D 031/19/25,15 D 031,LEVODOPA/CARBIDOPA,LEVOCARB,COMPRIME,100MG/10MG,B/100,,,,,,,,,,,,,,,,,
445,352/15 D 144/25,15 D 144,ROPINIROLE,KEPNIROL,COMPRIME PELLICULE A LIBERATION PROLONGEE,4 MG,B/30,,,,,,,,,,,,,,,,,
446,352/15 D 145/25,15 D 145,ROPINIROLE,KEPNIROL,COMPRIME PELLICULE A LIBERATION PROLONGEE,8 MG,B/30,,,,,,,,,,,,,,,,,
447,352/15 D 146/25,15 D 146,ROPINIROL,KEPNIROL LP,COMPRIME PELLICULE A LIBERATION PROLONGEE,2MG,B/30,,,,,,,,,,,,,,,,,
448,001/15 G 125/22,15 G 125,FINGOLIMOD CHLORHYDRATE EXPRIME EN FINGOLIMOD,LYXIA,GELULE,"0,5MG",B/28,,,,,,,,,,,,,,,,,
449,263/15 G 133/20/25,15 G 133,FAMPRIDINE,SCLERYL,COMPRIME PELLICULE A LIBERATION PROLONGEE,10MG,B/14,,,,,,,,,,,,,,,,,
450,543/15 G 134/21,15 G 134,GLATIRAMERE ACETATE,GLATHERA,SOLUTION INJECTABLE,40MG/ML,B/02 SERINGUES PRE-REMPLIES DE 1ML,,,,,,,,,,,,,,,,,
451,001/15 G 137/25,15 G 137,CLADRIBINE,MARVYL,COMPRIME,10 MG,B/01 B/04 B/06,,,,,,,,,,,,,,,,,
452,073/15 K 045/09/24,15 K 045,CITICOLINE SOUS FORME SODIQUE,CITICOLINE-ISO,SOLUTION BUVABLE ,100MG/ML,B/01 FLC DE 50ML AVEC PIPETTE GRADUEE,,,,,,,,,,,,,,,,,
453,073/16 A 003/98/25,16 A 003,AMITRIPTYLINE CHLORHYDRATE EXPRIME EN AMITRIPTYLINE,ISOPTYL,SOLUTION BUVABLE EN GOUTTES,4% (40MG/ML),B/01 FLACON DE 20ML,,,,,,,,,,,,,,,,,
454,235/16 A 013/25,16 A 013,MIANSERINE CHLORHYDRATE,TOLMIL,COMPRIME PELLICULE,10MG,B/30,,,,,,,,,,,,,,,,,
455,651/16 A 096/00/25,16 A 096,CLOZAPINE,LEPONEX,COMPRIME SECABLE,25MG,B/50,,,,,,,,,,,,,,,,,
456,651/16 A 097/00/25,16 A 097,CLOZAPINE,LEPONEX,COMPRIME SECABLE,100MG,B/50,,,,,,,,,,,,,,,,,
457,591/16 A 099/25,16 A 099,SERTRALINE CHLORHYDRATE EXPRIME EN SERTRALINE,ZOTRALINE,GELULE,50MG,B/30,,,,,,,,,,,,,,,,,
458,177/16 A 105/19/24,16 A 105,ESCITALOPRAM OXALATE EXPRIME EN ESCITALOPRAM,ESCITOL,COMPRIME PELLICULE SECABLE,10MG,B/28,,,,,,,,,,,,,,,,,
459,177/16 A 130/09/24,16 A 130,ESCITALOPRAM OXALATE EXPRIME EN ESCITALOPRAM,ESCITOL,COMPRIME,20MG,B/28,,,,,,,,,,,,,,,,,
460,177/16 A 131/09/24,16 A 131,ESCITALOPRAM OXALATE EXPRIME EN ESCITALOPRAM,ESCITOL,SOLUTION BUVABLE EN GOUTTES,10MG/ML,B/01 FLC DE 15ML AVEC COMPTE GOUTTES,,,,,,,,,,,,,,,,,
461,035/16 A 131/25,16 A 131,ESCITALOPRAM OXALATE EXPRIME EN ESCITALOPRAM,CITOPLEX,SOLUTION BUVABLE EN GOUTTES,10MG/ML,B/01 FLC DE 15ML AVEC COMPTE GOUTTES,,,,,,,,,,,,,,,,,
462,242/16 B 098/07/25,16 B 098,BROMAZEPAM,ANXYPAM,COMPRIME QUADRI-SECABLE,6MG,B/30,,,,,,,,,,,,,,,,,
463,433/16 C 051/24,16 C 051,MIDAZOLAM,HYPNOZOLAM,SOL INJ IV/IM/SC POUR PERFUSION OU RECTALE,5MG/ML (15MG/3ML),BOITE DE 10 AMPOULES DE 10ML/BOITE DE 10 AMPOULES DE 01ML/BOITE DE 5 AMPOULES DE 03ML,,,,,,,,,,,,,,,,,
464,235/16 D 058/21,16 D 058,LEVOMEPROMAZINE,LEVONON BGL,COMPRIME PELLICULE SECABLE,100MG,B/20,,,,,,,,,,,,,,,,,
465,268/16 D 066/05/25,16 D 066,SULPIRIDE,SULPIRIDE MERINAL,GELULE,50MG,B/30,,,,,,,,,,,,,,,,,
466,003/16 D 067/97/25,16 D 067,SULPIRIDE,SULPUREN,SOL.BUV.,"25MG/5ML (OU 0,5%)",FL/180 ML,,,,,,,,,,,,,,,,,
467,352/16 D 089/10/25,16 D 089,RISPERIDONE,RIPERAL,COMPRIME PELLICULE,1MG,B/30,,,,,,,,,,,,,,,,,
468,263/16 D 089/10/25,16 D 089,RISPERIDONE,RISPAL,COMPRIME PELLICULE,1MG,B/30 ET B/60,,,,,,,,,,,,,,,,,
469,035/16 D 089/11/25,16 D 089,RISPERIDONE,RIPSYZEN,COMPRIME PELLICULE SECABLE,1MG,B/30,,,,,,,,,,,,,,,,,
470,352/16 D 090/10/25,16 D 090,RISPERIDONE,RIPERAL,COMPRIME PELLICULE,2MG,B/30,,,,,,,,,,,,,,,,,
471,263/16 D 090/10/25,16 D 090,RISPERIDONE,RISPAL,COMPRIME PELLICULE,2MG,B/30 ET B/60,,,,,,,,,,,,,,,,,
472,035/16 D 090/11/25,16 D 090,RISPERIDONE,RIPSYZEN,COMPRIME PELLICULE SECABLE,2MG,B/30,,,,,,,,,,,,,,,,,
473,263/16 D 091/10/25,16 D 091,RISPERIDONE,RISPAL,COMPRIME PELLICULE,4MG,B/30,,,,,,,,,,,,,,,,,
474,035/16 D 091/11/25,16 D 091,RISPERIDONE,RIPSYZEN,COMPRIME PELLICULE SECABLE,4MG,B/30,,,,,,,,,,,,,,,,,
475,263/16 D 092/16/25,16 D 092,RISPERIDONE,RISPAL,SOLUTION BUVABLE EN GOUTTES,1MG/ML,B/1 FLC DE 30ML+ 01 SERINGUE DOSEUSE GRADUEE DE 3ML,,,,,,,,,,,,,,,,,
476,447/16 D 099/09/25,16 D 099,OLANZAPINE,OLANZA,COMPRIME PELLICULE,5MG,B/28,,,,,,,,,,,,,,,,,
477,426/16 D 099/21,16 D 099,OLANZAPINE,REXAPIN,COMPRIME PELLICULE,5MG,B/28,,,,,,,,,,,,,,,,,
478,426/16 D 100/21,16 D 100,OLANZAPINE,REXAPIN,COMPRIME PELLICULE,10MG,B/28,,,,,,,,,,,,,,,,,
479,426/16 D 103/19/24,16 D 103,ARIPIPRAZOLE,ABDIFLY,COMPRIME,10MG,B/28,,,,,,,,,,,,,,,,,
480,352/16 D 103/15/25,16 D 103,ARIPIPRAZOLE,ABILIZOLE,COMPRIME,10MG,B/30,,,,,,,,,,,,,,,,,
481,173/16 D 103/22,16 D 103,ARIPIPRAZOLE,ARPETAB,COMPRIME,10MG,B/30,,,,,,,,,,,,,,,,,
482,426/16 D 104/19/24,16 D 104,ARIPIPRAZOLE,ABDIFLY,COMPRIME,15MG,B/28,,,,,,,,,,,,,,,,,
483,173/16 D 104/22,16 D 104,ARIPIPRAZOLE,ARPETAB,COMPRIME,15MG,B/30,,,,,,,,,,,,,,,,,
484,352/16 D 111/20/25,16 D 111,ATOMOXETINE CHLORHYDRATE EXPRIME EN ATOMOXETINE,STRATAN,GELULE,18MG,B/30,,,,,,,,,,,,,,,,,
485,352/16 D 112/20/25,16 D 112,ATOMOXETINE CHLORHYDRATE EXPRIME EN ATOMOXETINE,STRATAN,GELULE,25MG,B/30,,,,,,,,,,,,,,,,,
486,352/16 D 113/20/25,16 D 113,ATOMOXETINE CHLORHYDRATE EXPRIME EN ATOMOXETINE,STRATAN,GELULE,40 MG,B/30,,,,,,,,,,,,,,,,,
487,656/16 D 134/09/24,16 D 134,LOXAPINE,LOXAPAC,SOLUTION BUVABLE,25MG/ML,B/1FL. DE 30ML AVEC SERINGUE POUR ADMINISTRATION ORALE,,,,,,,,,,,,,,,,,
488,446/16 D 147/09/24,16 D 147,LOXAPINE,LOXAPAC,SOLUTION INJECTABLE IM,25MG/ML (OU 50MG/2ML),B/10 AMP DE 2ML,,,,,,,,,,,,,,,,,
489,392/16 D 160/14/25,16 D 160,AMISULPRIDE,SOLIAN,COMPRIME PELLICULE SECABLE,400MG,B/30,,,,,,,,,,,,,,,,,
490,426/16 D 170/20,16 D 170,ARIPIPRAZOLE,ABDIFLY OD,COMPRIME ORODISPERSIBLE,10MG,B/28,,,,,,,,,,,,,,,,,
491,426/16 D 171/20,16 D 171,ARIPIPRAZOLE,ABDIFLY OD,COMPRIME ORODISPERSIBLE,15MG,B/28,,,,,,,,,,,,,,,,,
492,352/16 D 177/23,16 D 177,LURASIDONE CHLORHYDRATE,LODERA,COMPRIME PELLICULE,40MG,B/30,,,,,,,,,,,,,,,,,
493,352/16 D 178/23,16 D 178,LURASIDONE CHLORHYDRATE,LODERA,COMPRIME PELLICULE,80MG,B/30,,,,,,,,,,,,,,,,,
494,268/16 D 183/24,16 D 183,OLANZAPINE,OLANZEX ORO 20,COMPRIME ORODISPERSIBLE,20MG,B/30,,,,,,,,,,,,,,,,,
495,185/17 A 001/17/25,17 A 001,OXYBUPROCAINE,ANESTOCIL,COLLYRE EN SOLUTION,"0,4%",FL/10ML,,,,,,,,,,,,,,,,,
496,521/17 B 171/25,17 B 171,KETOTIFENE HYDROGENOFUMARATE EXPRIME EN KETOTIFENE,PARVISTEN,COLLYRE EN SOLUTION,"0,25MG/ML",BOITE DE 1 FLACON DE 5ML,,,,,,,,,,,,,,,,,
497,065/17 C 147/25,17 C 147,CHLORHYDRATE DE CARTEOLOL,LEOCART LP,COLLYRE EN SOLUTION A LIBERATION PROLONGEE,"0,02",BOITE DE 1 FLACON DE 3ML,,,,,,,,,,,,,,,,,
498,608/17 D 157/12/25,17 D 157,OFLOXACINE,OPTIFLOX,COLLYRE EN SOLUTION,"0,3% ( 3mg/ml)",FL/5ML,,,,,,,,,,,,,,,,,
499,386/17 D 159/09/25,17 D 159,TOBRAMYCINE/DEXAMETHASONE,OPTIDEX-T,COLLYRE ,"0,3%/0,1%",FL/05ML,,,,,,,,,,,,,,,,,
500,406/17 D 188/25,17 D 188,LEVOFLOXACINE HEMIHYDRATE,VIVAXIN,COLLYRE,5MG/ML,FL/5ML,,,,,,,,,,,,,,,,,
501,533/17 M 186/25,17 M 186,MERCAPTAMINE,CYSTADROPS,COLLYRE EN SOLUTION ,"3,8 mg/ml",B/01 FL 05 ml,,,,,,,,,,,,,,,,,
502,386/17 N 160/09/25,17 N 160,HYALURONATE DE SODIUM,HYFRESH,COLLYRE EN SOLUTION,"0,2% (OU 2MG/ML)",FL./10ML,,,,,,,,,,,,,,,,,
503,665/17 N 189/25,17 N 189,CICLOSPORINE,RESTASIS,EMULSION OPHTALMIQUE,0.05%,"B/30 FL UNIDOSE DE 0,4ML",,,,,,,,,,,,,,,,,
504,003/17 P 161/24,17 P 161,RANIBIZUMAB,RANIBIZUMAB-SAIDAL,SOLUTION INJECTABLE EN SERINGUE PREREMLIE,"10MG/ML (1,65MG/0,165ML)","BOITE D'UNE SERINGUE PRE REMPLIE DE 0,165ML",,,,,,,,,,,,,,,,,
505,128/17 P 187/25,17 P 187,FARICIMAB,VABYSMO,SOLUTION POUR INJECTION INTRA-VITREENNE EN VIAL,120MG/ML,"B/01 FL DE 28,8MG DE FARICIMAB DANS UNE SOLUTION DE 0,24ML INCLUANT UNE AIGUILLE A FILTRE",,,,,,,,,,,,,,,,,
506,285/19 B 005/19/25,19 B 005,FLUBENDAZOLE,FLUVERMI,SUSPENSION BUVABLE,100MG/5ML (2%),BOITE DE 1 FLACON DE 30 ML,,,,,,,,,,,,,,,,,
507,293/20 A 211/18/25,20 A 211,MONTELUKAST SOUS FORME SODIQUE,MONKAST,COMPRIME PELLICULE,10MG,B/28,,,,,,,,,,,,,,,,,
508,426/20 A 211/18/24,20 A 211,MONTELUKAST SOUS FORME SODIQUE,ONCEAIR,COMPRIME PELLICULE,10MG,B/28,,,,,,,,,,,,,,,,,
509,447/20 A 225/15/25,20 A 225,MONTELUKAST SODIQUE EXPRIME EN MONTELUKAST,MONTELUKAST BEKER,COMPRIME A CROQUER,4MG,B/30,,,,,,,,,,,,,,,,,
510,293/20 A 226/18/25,20 A 226,MONTELUKAST SODIQUE EXPRIME EN MONTELUKAST,MONKAST,COMPRIME A CROQUER,5MG,B/28,,,,,,,,,,,,,,,,,
511,447/20 A 226/15/25,20 A 226,MONTELUKAST SODIQUE EXPRIME EN MONTELUKAST,MONTELUKAST BEKER,COMPRIME A CROQUER,5MG,B/30,,,,,,,,,,,,,,,,,
512,426/20 A 226/18/24,20 A 226,MONTELUKAST SODIQUE EXPRIME EN MONTELUKAST,ONCEAIR,COMPRIME A CROQUER,5MG,B/28,,,,,,,,,,,,,,,,,
513,317/20 A 234/24,20 A 234,TIOTROPIUM / TIOTROPIUM BROMURE MONOHYDRATE,RESPYVA,POUDRE POUR INHALATION EN GELULE,"18UG/22,5UG",BOITE DE 30 + INHALATEUR,,,,,,,,,,,,,,,,,
514,177/20 F 104/17/23,20 F 104,FLUTICASONE (SOUS FORME DE PROPIONATE)**/SALMETEROL**(SOUS FORME DE XINAFOATE),BREQUAL,CAPSULES CONTENANT PDRE.PR INHAL.,100µG/50µG,B/60,,,,,,,,,,,,,,,,,
515,177/20 F 105/17/23,20 F 105,FLUTICASONE PROPIONATE/SALMETEROL XINAFOATE EXPRIME EN SALMETEROL,BREQUAL,CAPSULES CONTENANT PDRE.PR INHAL.,"250µG/72,5µG",B/60 GELULE + INHALATEUR,,,,,,,,,,,,,,,,,
516,648/20 F 105/25,20 F 105,FLUTICASONE PROPIONATE/SALMETEROL XINAFOATE EXPRIME EN SALMETEROL,INSPIRYA ,PDRE. INHAL. EN GLES. + INHALATEUR,250µG/50µG,B/60 GELULE + INHALATEUR,,,,,,,,,,,,,,,,,
517,177/20 F 106/17/23,20 F 106,FLUTICASONE PROPIONATE/SALMETEROL XINAFOATE EXPRIME EN SALMETEROL,BREQUAL,CAPSULES CONTENANT DE LA PDRE P.INHALATION,500µG/50µG,B/60 CAPSULES + 1 INHALATEUR QHALER,,,,,,,,,,,,,,,,,
518,001/20 F 229/25,20 F 229,BUDESONIDE/FORMOTEROL,BUFOMIX EASYHALER,PDRE. P. INHAL.,200µG/6µG/DOSE,FL./120DOSES,,,,,,,,,,,,,,,,,
519,001/20 F 230/25,20 F 230,BUDESONIDE/FORMOTEROL,BUFOMIX EASYHALER,PDRE. P. INHAL.,400µG/12µG/DOSE,FL./60DOSES,,,,,,,,,,,,,,,,,
520,256/20 A 255/25,20 F 255,FORMOTEROL/ GLYCOPYRRONIUM/ BUDESONIDE,BREZTRI AEROSPHERE,SUSPENSION POUR INHALATION ,"5µg/7,2µg/160µg ",ETUI 120 DOSES ,,,,,,,,,,,,,,,,,
521,092/20 G 254/25,20 G 254,PORACTANT ALFA,CUROSURF,SUSPENSION POUR INSTILLATION ENDOTRACHEOBRONCHIQUE,80MG/ML,"B/1 FL DE 1,5ML(120MG)/B/1 FL DE 3ML(240MG)
",,,,,,,,,,,,,,,,,
522,546/21 A 032/20,21 A 032,KETOPROFENE,KETONYX,GEL DERMIQUE,"0,025",T/50G,,,,,,,,,,,,,,,,,
523,447/21 B 007/23,21 B 007,ALLOPURINOL,LESURIC,COMPRIME,100 MG,B/30,,,,,,,,,,,,,,,,,
524,268/21 B 007/98/25,21 B 007,ALLOPURINOL,ZYLORIC,COMPRIME,100MG,B/50,,,,,,,,,,,,,,,,,
525,447/21 B 008/23,21 B 008,ALLOPURINOL,LESURIC,COMPRIME,300MG,B/30,,,,,,,,,,,,,,,,,
526,001/21 E 060/16/21,21 E 060,TOLPERISONE CHLORHYDRATE,MYDOCALM,COMPRIME PELLICULE,150MG,B10 ET B/30,,,,,,,,,,,,,,,,,
527,546/21 E 060/21,21 E 060,TOLPERISONE CHLORHYDRATE,MYSOLAX,COMPRIME PELLICULE,150 MG,B10 ET B/30,,,,,,,,,,,,,,,,,
528,318/21 E 060/25,21 E 060,TOLPERISONE CHLORHYDRATE,MYOLAXAN,COMPRIME PELLICULE,150MG,B/30,,,,,,,,,,,,,,,,,
529,263/21 G 050/15/24,21 G 050,ALENDRONATE MONOSODIQUE TRIHYDRATE EXPRIME EN ACIDE ALENDRONIQUE,DROMAX,COMPRIME,70MG,B/04,,,,,,,,,,,,,,,,,
530,544/21 G 050/22,21 G 050,ALENDRONATE MONOSODIQUE TRIHYDRATE EXPRIME EN ACIDE ALENDRONIQUE,OSMAX,COMPRIME,70MG,B/04,,,,,,,,,,,,,,,,,
531,481/21 G 065/15/25,21 G 065,DENOSUMAB,PROLIA,SOLUTION INJECTABLE SC EN SERINGUE PREREMPLIE,60MG/ML,B/01 SERINGUE PREREMPLIE SECURISEE DE 1ML,,,,,,,,,,,,,,,,,
532,613/21 J 058/21,21 J 058,ADALIMUMAB,HULIO,SOLUTION INJECTABLE. S/C EN SERINGUE PRE-REMPLIE,40MG/0.8ML,B/2 SERINGUE PRE-REMPLIES DE 0.8ML,,,,,,,,,,,,,,,,,
533,575/21 J 058/25,21 J 058,ADALIMUMAB,ADAMIRA,SOLUTION INJECTABLE. S/C EN SERINGUE PRE-REMPLIE,40MG/0.8ML,B/2 SERINGUE PRE-REMPLIES DE 0.8ML,,,,,,,,,,,,,,,,,
534,045/21 J 078/25,21 J 078,ETANERCEPT,ENBREL,SOLUTION INJECTABLE,50MG,B/4 SERINGUES PRE-REMPLIE DE 1ML,,,,,,,,,,,,,,,,,
535,263/22 A 049/23,22 A 049,PARACETAMOL/CHLORPHENAMINE MALEATE,RYNZA,GELULE,500MG/4MG,B/15,,,,,,,,,,,,,,,,,
536,001/24 D 017/15/25,24 D 017,DEFERASIROX,DEFEROX,COMPRIME ORODISPERSIBLE,125MG,B/30,,,,,,,,,,,,,,,,,
537,001/24 D 018/15/25,24 D 018,DEFERASIROX,DEFEROX,COMPRIME ORODISPERSIBLE,250MG,B/30,,,,,,,,,,,,,,,,,
538,661/24 D 018/16/22,24 D 018,DEFERASIROX,KELOSIROX,COMPRIME ORODISPERSIBLE,250MG,B/30,,,,,,,,,,,,,,,,,
539,001/24 D 019/15/25,24 D 019,DEFERASIROX,DEFEROX,COMPRIME ORODISPERSIBLE,500MG,B/30,,,,,,,,,,,,,,,,,
540,426/25 B 047/12/22,25 B 047,TAMSULOSINE CHLORHYDRATE,TAMSUMED LP,MICROGRANULE EN GELLULE LIBERATION PROLONGEE,"0,4MG",B/30,,,,,,,,,,,,,,,,,
541,378/25 D 008/20,25 D 008,OXYBUTYNINE CHLORHYDRATE,OXYPTANE BR,COMPRIME SECABLE,5MG,B/60,,,,,,,,,,,,,,,,,
542,418/25 E 015/19/25,25 E 015,NITROXOLINE,NEOBIOL,COMPRIME PELLICULE,100MG,B/50,,,,,,,,,,,,,,,,,
543,280/25 G 088/25,25 G 088,CONCENTRE ACIDE POUR HEMODIALYSE,RENACID A25,SOLUTION CONCENTREE POUR HEMODIALYSE ,"100 ml de solution Chlorure de Sodium (NaCl)….. 27.617g
Chlorure de Potassium (KCl) …….. 0.671g
 Chlorure de Calcium dihydratE (CaCl₂, 2H₂O) …… 0.991g
Chlorure de magnEsium hexahydratE (MgCl₂, 6H₂O) … 0.915g",Bidon de 10L en PEHD,,,,,,,,,,,,,,,,,
544,280/25 G 089/25,25 G 089,CONCENTRE ACIDE POUR HEMODIALYSE,RENACID A26,SOLUTION CONCENTREE POUR HEMODIALYSE ,"100 ml de solution Chlorure de Sodium (NaCl)….. 27.089g
Chlorure de Potassium (KCl) …….. 0.671g
 Chlorure de Calcium dihydratE (CaCl₂, 2H₂O) …… 0.826g
Chlorure de magnEsium hexahydratE (MgCl₂, 6H₂O) … 0.457g",Bidon de 10L en PEHD,,,,,,,,,,,,,,,,,
545,280/25 G 090/25,25 G 090,CONCENTRE ACIDE POUR HEMODIALYSE,RENACID A27,SOLUTION CONCENTREE POUR HEMODIALYSE ,"100 ml de solution Chlorure de Sodium (NaCl)….. 27.089g
Chlorure de Potassium (KCl) …….. 0.671g
 Chlorure de Calcium dihydratE (CaCl₂, 2H₂O) …… 0.826g
Chlorure de magnEsium hexahydratE (MgCl₂, 6H₂O) … 0.457g",Bidon de 10L en PEHD,,,,,,,,,,,,,,,,,
546,280/25 G 091/25,25 G 091,CONCENTRE ACIDE POUR HEMODIALYSE,RENACID A28,SOLUTION CONCENTREE POUR HEMODIALYSE ,"100 ml de solution Chlorure de Sodium (NaCl)….. 27.089g
Chlorure de Potassium (KCl) …….. 0.671g
 Chlorure de Calcium dihydratE (CaCl₂, 2H₂O) …… 0.991g
Chlorure de magnEsium hexahydratE (MgCl₂, 6H₂O) … 0.457g",Bidon de 10L en PEHD,,,,,,,,,,,,,,,,,
547,426/25 N 045/12/22,25 N 045,SILDENAFIL SOUS FORME DE CITRATE,INAGRA,COMPRIME PELLICULE,50MG,B/02 ET B/10,,,,,,,,,,,,,,,,,
548,173/25 N 052/23,25 N 052,TADALAFIL,TABLAFIL,COMPRIME PELLICULE,20 MG,B/02 ET B/04,,,,,,,,,,,,,,,,,
549,426/25 N 076/20,25 N 076,TADALAFIL,ADONIS,COMPRIME PELLICULE,5MG,B/28,,,,,,,,,,,,,,,,,
550,173/25 N 076/23,25 N 076,TADALAFIL,TABLAFIL,COMPRIME PELLICULE,5MG,B/30,,,,,,,,,,,,,,,,,
551,173/25 P 068/16/24,25 P 068,SUCCINATE DE SOLIFENACINE,SOLIFETAB,COMPRIME PELLICULE,5MG,B/30,,,,,,,,,,,,,,,,,
552,352/25 P 068/20/25,25 P 068,SUCCINATE DE SOLIFENACINE,VENACINE,COMPRIME PELLICULE,5MG,B/30,,,,,,,,,,,,,,,,,
553,301/25 P 068/20/25,25 P 068,SUCCINATE DE SOLIFENACINE,SOLIFENACINE VECO,COMPRIME PELLICULE,5MG,B/30,,,,,,,,,,,,,,,,,
554,301/25 P 069/17/25,25 P 069,SUCCINATE DE SOLIFENACINE,SOLIFENACINE VECO,COMPRIME PELLICULE,10MG,B/30,,,,,,,,,,,,,,,,,
555,173/25 P 069/16/24,25 P 069,SUCCINATE DE SOLIFENACINE,SOLIFETAB,COMPRIME PELLICULE,10MG,B/30,,,,,,,,,,,,,,,,,
556,314/26 B 014/04/25,26 B 014,HYPOCHLORITE DE SODIUM (CHLORE ACTIF),DAKIN RPP,SOL. USAGE EXTERNE,"0,5% DE CHLORE ACTIF",FL/500ML,,,,,,,,,,,,,,,,,
557,280/26 G 092/25,26 G 092,CONCENTRE ACIDE POUR HEMODIALYSE,RENACID G25,SOLUTION CONCENTREE POUR HEMODIALYSE ,"100 ml de solution Chlorure de Sodium (NaCl)….. 27.089g
Chlorure de Potassium (KCl) …….. 0.671g
 Chlorure de Calcium dihydratE (CaCl₂, 2H₂O) …… 0.992g
Chlorure de magnEsium hexahydratE (MgCl₂, 6H₂O) … 0.457g
Glucose…………………4,5G",Bidon de 10L en PEHD,,,,,,,,,,,,,,,,,
558,280/26 G 093/25,26 G 093,CONCENTRE ACIDE POUR HEMODIALYSE,RENACID G26,SOLUTION CONCENTREE POUR HEMODIALYSE ,"100 ml de solution Chlorure de Sodium (NaCl)….. 27.089g
Chlorure de Potassium (KCl) …….. 0.671g
 Chlorure de Calcium dihydratE (CaCl₂, 2H₂O) …… 0.827g
Chlorure de magnEsium hexahydratE (MgCl₂, 6H₂O) … 0.457g
Glucose…………………4,95G",Bidon de 10L en PEHD,,,,,,,,,,,,,,,,,
559,003/27 A 013/24,27 A 013,ECULIZUMAB,ECULIZUMAB SAIDAL,SOLUTION A DILUER POUR PERFUSION,10MG/ML (300MG/30ML),B/01 FLACON 30ML,,,,,,,,,,,,,,,,,
560,263/27 C 007/24,27 C 007,CITRATE DE TOFACITINIB,TOFATINIB,COMPRIME PELLICULE A LIBERATION PROLONGEE,11MG,B/28,,,,,,,,,,,,,,,,,
